Paymet_id,Paymet_type,amount,payment_date,cust_id,order_id
01HD791FVHRXWX8XXDXNDADTX0,Cash,1125,2022-12-14 06:14:09,85-580-0785,01HD76C9G6F2472002KNBQAJ0T
01HD791FXBSQGPXM081JGQSJH4,Credit Card,541,2022-12-09 04:47:10,75-314-3365,01HD76C94K5WWXG0CWAWXD8187
01HD791FXE3S5R663X214810JR,PayPal,1998,2022-12-01 14:49:27,25-101-8113,01HD76C942SDKRJYT1JCM9AYJK
01HD791FXFDJH8WEJQ02NKVPJ4,Credit Card,1783,2023-01-01 20:39:11,15-386-0656,01HD76CA9MXTEVNVPCQ8PVG6C4
01HD791FXG7Q7E32HKMP79B6EC,Credit Card,1407,2023-03-06 01:49:48,45-352-1238,01HD76CA6GVQY2DNZBGF9H1DV0
01HD791FXHTPY90WXA7XMF0N22,Cash,1927,2022-11-08 19:55:45,92-772-5933,01HD76C9H54CFWAFM0TC6N1ZEK
01HD791FXJG0K6SZ1J0PP9ZHDN,Credit Card,1109,2023-03-06 00:04:57,27-672-8520,01HD76C9SFMGTN0Q4977XB6QQ0
01HD791FXKZ9D9CEDQ459JXGVG,Cash,723,2023-08-15 08:48:50,68-556-9364,01HD76C9HP8D5FWQAXWXJ58V20
01HD791FXMAP4528MN1W8KS5ZA,Cash,1856,2023-10-05 13:36:19,04-119-5848,01HD76C9HJ16TTSZ3VJWCVMF43
01HD791FXNJ4VPW3V63C4DS4MA,Cash,1762,2023-06-14 13:46:20,49-561-6334,01HD76C9PFF7RMWRC59E3HBQ99
01HD791FXP1TVETXDDEAH3JXK7,Credit Card,1973,2023-02-13 14:46:18,08-759-3968,01HD76C9894B1CRTVR5VDWMTKH
01HD791FXPRSGV6A3P0JBZYRY7,Cash,1229,2023-03-04 10:27:32,27-250-5612,01HD76C9R8DVF7S7SJ327QGSKJ
01HD791FXQ92WA2GA549JM6RS1,Cash,226,2023-05-21 18:53:53,25-730-4169,01HD76C9JBZM568WMPR87WSD52
01HD791FXSRZXZA02HZXXH9VT8,Cash,1156,2023-09-26 04:30:21,16-476-4554,01HD76C97HNH4A3RTK196C18SW
01HD791FXSZD4G8PXKQR4J2TAK,Cash,1353,2023-01-17 01:43:20,68-970-9001,01HD76C92AR7C8ZG0XM4KTGWA5
01HD791FXTWCF7PK9WHRM2AJ2B,Cash,552,2023-01-13 05:13:28,84-485-1706,01HD76CAHXRTM0W91SV4VZQC7J
01HD791FXV5XERMKV7FYD5DYZY,PayPal,827,2023-06-16 18:15:49,85-458-9359,01HD76C94HEVKRP51ACKKE1FMZ
01HD791FXWWSAPXTQ319ZN1JYB,PayPal,1151,2022-11-07 23:54:15,23-883-6224,01HD76C9FS9DSVV5PS0W75C6V0
01HD791FXXMJ95VJDEPCXTX6VS,Credit Card,1080,2023-09-21 07:46:17,58-757-8439,01HD76C9W9RN2WS5XEYY0SCP4C
01HD791FXY7W70C8N3JDH5V9SW,Cash,1083,2023-05-24 20:01:10,38-729-7029,01HD76CA8NC5ZC8W9TZ6N3QS1C
01HD791FXZADESA00GEV8HST1F,Credit Card,1217,2022-12-21 21:41:38,57-608-8706,01HD76C913TA6CM69PBQH6CMQR
01HD791FY08QSN75B8D1S8WVWG,Credit Card,106,2023-07-08 10:17:19,33-192-4836,01HD76C9ZFS4HK7GF00VDBAFFQ
01HD791FY125C0VPV2E5ZKDTAN,Credit Card,697,2022-12-12 12:24:09,32-739-2857,01HD76C97YRGT9RBG351M4ZD2Z
01HD791FY2KBEEVFY61KHZT0JQ,PayPal,142,2023-08-21 11:49:12,58-980-9484,01HD76C8ZA6C2CY34ANRJNTGAS
01HD791FY3QS55A2RRX8EK78XX,PayPal,861,2023-03-24 10:02:59,52-779-9590,01HD76C9WXVHWW03V4CZZ6FXX6
01HD791FY38PAE93DEGHWEPPCY,Cash,1100,2023-09-05 22:08:20,99-920-8143,01HD76C9MMRTWEMNWS5FADE5P0
01HD791FY5TEVGZGQMNQE0Z53P,PayPal,302,2023-09-11 03:06:32,43-582-4698,01HD76CA1KFVV7J4JMX9N305DV
01HD791FY5PNCF9SJ8HJFDYAMJ,PayPal,576,2023-09-12 00:28:11,68-353-5085,01HD76C9R9BW2N3S3FDT1HRXPE
01HD791FY6FRBGFJKCXAGK39ZD,Cash,817,2023-03-09 02:43:13,31-808-8524,01HD76C9ZW629MBCYSNANWK89X
01HD791FY7QEREBA7T5YK8HAZH,PayPal,708,2023-03-06 06:45:48,49-081-0864,01HD76C8YEWMM25FG2STF5WH1C
01HD791FY83MG9TBCPMWGZH8PK,PayPal,1411,2023-10-09 09:00:06,04-830-6952,01HD76C8YWSD5HTDM7CGZCC7Y0
01HD791FY9H8RCP084QN9G3ZZF,PayPal,1844,2023-01-16 16:02:09,97-062-9588,01HD76CA91D65GNJG121WYBYYT
01HD791FYA6CH2ZS01850KHM16,PayPal,310,2023-07-25 03:01:04,12-676-6654,01HD76CAA8RZVA70P7CME1E39Z
01HD791FYAA4NDWYXV4FVWG313,PayPal,693,2023-04-12 03:55:01,29-511-1962,01HD76C9GRCDD27JEY0DKTQW6B
01HD791FYBW9H8BNEH1ZTPVT0D,PayPal,1811,2023-01-10 08:46:52,79-963-1014,01HD76C9Q17K81JNRS9WHENSBD
01HD791FYCDDCYVYPABK13S18A,PayPal,341,2023-09-06 06:10:34,15-116-4191,01HD76C9EP6WH6BV5BPZC6ZF85
01HD791FYCNMMGKA33CFF46BP0,Cash,1834,2023-01-05 22:48:25,80-598-6080,01HD76CA0ERZV3MDGZAVAPTHRX
01HD791FYDQ7HNRXTX4DAJTDW9,PayPal,621,2023-06-07 18:48:21,45-560-6043,01HD76CA3TRKHWBMRA472V9K2Z
01HD791FYEMK2GGPNGNFA7CE5R,PayPal,213,2022-11-24 17:50:40,79-417-8905,01HD76C9DFT5H3YC7MY5Z1QCM6
01HD791FYEYMG331FHY2CFR2X6,Credit Card,1322,2023-06-20 12:21:32,29-641-1673,01HD76C9DJ97BR1VZF4VR49WST
01HD791FYFKJ8DG5JJZ82H4WTK,Cash,1847,2023-02-20 19:39:00,27-537-5740,01HD76C9RNQNK2X5SKVCCNRYGG
01HD791FYGAFA9XRDH3VD6Z2VV,Cash,1972,2023-10-02 18:52:34,73-651-9458,01HD76C9N1JGWCCNXGTM7SXXVQ
01HD791FYH2H3G63X82HH0RKYZ,Credit Card,598,2022-11-27 15:58:40,95-522-8855,01HD76C99ZYQRHXSPQTKKPP9H8
01HD791FYJAXKNV6YMN9S3JK7E,Credit Card,111,2023-09-22 05:15:16,52-731-6688,01HD76C957BK67T43YBXBC340E
01HD791FYK7TYPRRSFNZ0ANMYC,Cash,672,2023-05-09 03:50:44,15-733-3214,01HD76C9JYTHEZ6HB2EY87CWZS
01HD791FYMPQ7ANM2DDESB7T24,PayPal,1162,2023-03-27 13:15:10,41-123-1640,01HD76C8YEWMM25FG2STF5WH1C
01HD791FYMFY9CA0AVHYM6PS19,PayPal,852,2023-07-17 23:29:48,94-667-3543,01HD76C9EVKZ0Z3DHDFZDKRSMZ
01HD791FYN5SCP1ZX2FPSH82HQ,PayPal,149,2023-03-17 18:05:24,72-269-5198,01HD76CAD4R3SJM00R6B7QX5S1
01HD791FYQF1M8TJ2JR96H79DF,Cash,437,2023-05-18 21:58:07,82-786-9318,01HD76C9EY05HWQR6RDY26A6ZZ
01HD791FYRSNSV0WBZMMEVJNF0,Cash,1381,2023-03-26 13:21:43,88-203-9582,01HD76CAA2KPXWH8N7CKPK7R67
01HD791FYS3KJCWQRZM9XYCY00,PayPal,1596,2022-11-15 18:24:46,87-236-1286,01HD76CA00DJV7QAG0DJEHQ267
01HD791FYS0H85MQ3HV83WZW4X,PayPal,209,2023-08-11 19:08:33,58-620-6433,01HD76C9F1CZTK8A0AM4MHQ426
01HD791FYT1MDNF7TKW92Y8VCD,Cash,834,2023-09-04 05:35:40,68-317-5628,01HD76C9SR9Q0SMXYWVRVW0K40
01HD791FYVA1MH5MEQXWE0H3GE,Cash,1722,2023-02-05 11:21:46,19-670-3854,01HD76C9TJSMJP8GBG6XS2KGYQ
01HD791FYWNRHFTCPAJMWYDKN5,PayPal,298,2023-03-22 20:48:13,59-778-3686,01HD76C9KN4TXZYQS1MSTH8X53
01HD791FYXV1ZJ51XVKFMYWY83,Cash,204,2023-03-27 23:22:56,53-016-6972,01HD76C8ZA6C2CY34ANRJNTGAS
01HD791FYYSB8WF64Y0DWN3A9C,PayPal,417,2023-01-02 10:41:56,79-549-5323,01HD76CA1CVB0DXVACRKMAWKJM
01HD791FYZ93CZZ9E3TZ5VHVZF,PayPal,1744,2023-04-13 05:40:28,94-412-8057,01HD76C919M06P1YEAB6PRMN3H
01HD791FZ05R233J41J7W9ZRND,Credit Card,689,2023-01-29 05:45:51,53-583-5404,01HD76C9PK09SFTAM6DKZ96JGX
01HD791FZ15EQPBSXBFAREEBZ2,Credit Card,1424,2023-03-01 02:14:54,70-742-1858,01HD76C97MDCW8PHKT1M8PW1W0
01HD791FZ15JXHPYH6T6N6WGE5,PayPal,561,2023-02-11 21:59:01,55-091-5328,01HD76C9M8WX81B300HZXH8YND
01HD791FZ22DA6PJV6DVXD6HMV,Cash,364,2023-01-24 02:53:33,66-490-0693,01HD76CACHMH7KAR1D8B4H4T1G
01HD791FZ4FTQRDGSQ2M6NC8A1,Cash,464,2023-04-12 01:29:32,20-384-8783,01HD76CAACD22QETBS3E16R8NH
01HD791FZ69NBP33469RWG8CFH,Cash,1600,2023-08-29 08:48:45,45-614-9429,01HD76C927WRTYFWRGCTG5YTB6
01HD791FZ7E2Z80TF4M89QWWZ9,Credit Card,205,2023-07-14 14:22:24,65-278-8218,01HD76CA942VFBC27TR0WSG1RJ
01HD791FZ95CCWWARHP9BMCW1M,Credit Card,703,2022-11-24 21:36:05,07-053-2354,01HD76C9D9T8EGQTD20V735JKJ
01HD791FZ9V8685ENXKN60AM5B,PayPal,859,2023-04-12 13:59:58,16-788-4374,01HD76C92TNK5MV90DVERQKQ69
01HD791FZATPR69ED6H0AC1NH8,Cash,1124,2023-08-31 03:40:51,22-494-2508,01HD76CA07DRVVHRRXTSP5HVWY
01HD791FZBCF2H4YG1NB0K1370,Cash,1877,2023-09-28 14:30:24,35-103-4799,01HD76C9JXSWQDTQVMFHSXFSZ4
01HD791FZBYN2YKNTBJAAS2GAP,Cash,797,2023-03-30 16:15:34,14-910-7366,01HD76C9F8H61SE32W8ZDCJRTY
01HD791FZCY27ETW6RZEH9AGA5,PayPal,234,2022-12-03 21:05:01,59-754-2438,01HD76CAD74X2STVSCK0H1NABY
01HD791FZDEZPWN9A9D9ZHFQX0,Credit Card,1508,2022-12-25 08:01:47,31-156-0232,01HD76CA4RBT0JEZ3HM45DNKGJ
01HD791FZDYT60RBZSWJN14GK3,Credit Card,335,2022-10-28 06:08:38,45-947-5148,01HD76C9RNQNK2X5SKVCCNRYGG
01HD791FZEY210GWXJ0S4XJBFX,Credit Card,1997,2023-01-22 09:10:03,66-580-8434,01HD76CACF638NN7RKCD4Y9JTA
01HD791FZFRYMW97ASSKZ71EXB,Cash,1419,2022-12-21 00:08:10,50-084-6042,01HD76C9FQPMX00K8ARNV9CQRF
01HD791FZGXS6FHDDA34PXSHPQ,Credit Card,1628,2023-05-23 16:25:48,53-259-6643,01HD76C9Q6G95TXN30AC87NFGH
01HD791FZH0Z4MB4WRWS2PA678,Cash,1509,2023-10-18 04:54:40,12-255-7300,01HD76CAFQ4VGG3CKC4YBYWKZ3
01HD791FZJ1C3AT5PTE1VSX271,Credit Card,1048,2023-03-10 10:29:45,81-802-9847,01HD76CA5MN9J4Z72N0EZWHGB6
01HD791FZKPTND7DY1NH6N59D2,Cash,1601,2023-03-13 21:11:34,38-084-7274,01HD76CAD3YPGC7AJ132YB6T4Y
01HD791FZKQNNSKHRTCKT7PAYW,Credit Card,138,2023-06-29 04:34:05,38-118-1691,01HD76CA6KZTT6R0F289YMWAQ9
01HD791FZM2D06DT5K759A7RVB,Cash,1751,2023-06-30 22:57:11,50-120-7431,01HD76C92X2ZWRAZ4QFQCV0JVH
01HD791FZNSB9J9SMQJY7986G1,Credit Card,802,2023-09-20 02:53:09,85-022-4680,01HD76C9XPJQ557SV4X9GSD3F1
01HD791FZPKPN2KETSEV65ZB2W,Cash,1694,2023-05-13 08:02:20,43-679-5341,01HD76C9ZZGQT3QDNT4YA2QDMP
01HD791FZQB8GC5GWP427RSVY1,Cash,1220,2023-06-15 19:22:51,13-196-7133,01HD76CADY21873G4X22899B6P
01HD791FZRTXGJBJFQF0K4EB81,Credit Card,694,2023-03-09 02:13:53,44-438-9376,01HD76C9538NTMEHJECRZJ96JP
01HD791FZR4YGMYKT70KPVNFG6,PayPal,1435,2023-02-08 15:39:34,16-635-8273,01HD76C9BFFZ536EWV6Q533823
01HD791FZSZ33N1REEEG119Y8D,PayPal,402,2023-06-26 12:33:47,87-233-6490,01HD76C8ZJK208E3HGM5HDW2XV
01HD791FZTGF5HGNJPGKE89CYA,Cash,1000,2023-07-24 19:43:18,20-136-5480,01HD76C9PG5BRCF3TNNPR7BA4F
01HD791FZTCR95MB95QCX2FMWA,Credit Card,1751,2023-08-02 20:30:18,73-150-6882,01HD76CA5DPGARCPFNGHZRMYD1
01HD791FZWJVJCY1S8T5WJ91ZF,Cash,1680,2023-05-28 14:19:47,85-136-5288,01HD76C9R5VDK2B6XPFPDVXHJS
01HD791FZXH2S7XM51P8TZJCNS,Cash,1940,2023-07-12 00:21:22,91-549-7384,01HD76CAECVM2E074YRV4M5BHQ
01HD791FZXB4JA8JMEYFKM5AP2,PayPal,895,2023-02-25 15:16:24,07-888-9004,01HD76CAGYG86T7TPS3Y9G26Y7
01HD791FZYWF2E9PKFCTK1ZQ0P,Credit Card,329,2023-01-08 13:16:47,23-794-3865,01HD76C9F7E60FXGJH7B4PXM9Z
01HD791FZZZEKHD10E81VTXZNA,Cash,557,2023-04-02 02:23:12,36-020-1926,01HD76C9B4JQFHMR487VXEWPHA
01HD791FZZVE460VMN3XS24RZN,PayPal,607,2023-06-08 23:51:11,10-174-7765,01HD76CAFKGZMQPK78NFFWEA5R
01HD791G00MK982H6RVR8N6GAC,Cash,161,2023-01-10 16:23:29,35-951-1280,01HD76CA4JGV2B9H0T2SSY8HJE
01HD791G01K2YTPP7VHSBXKNSV,Credit Card,741,2023-05-04 23:33:38,10-638-3265,01HD76C9G6F2472002KNBQAJ0T
01HD791G02CTVBZ9MPZ8E3YPPH,Credit Card,1677,2023-01-08 23:19:22,80-240-6766,01HD76C977C51J254DSWWEVCRD
01HD791G03TP2WFW1FKZVJ1K81,Credit Card,586,2023-07-17 08:44:57,58-616-0629,01HD76C9P6Z9W557E13JX17TME
01HD791G03NNHTN9EVBS53DV1V,Credit Card,1193,2023-08-29 10:51:33,56-280-3301,01HD76C9DSMC24DK20BFHS4KKE
01HD791G04TP7JQ3CQY6PTE2DM,PayPal,1602,2023-07-01 13:24:14,68-326-5804,01HD76CAC1R1D8HGRH39KF0BA7
01HD791G05VHK31A9M688JBYGF,PayPal,1316,2022-11-20 09:32:25,21-992-0486,01HD76C9B7N647YZP6G0NFTB1D
01HD791G06YFNYXCKRWXJHK1C4,Cash,1576,2022-12-06 14:17:14,73-722-8742,01HD76CA9BCE5AFV8BYE3HJCFC
01HD791G07WZ2A5YHME9P09022,PayPal,1573,2023-10-05 11:22:27,27-869-0775,01HD76CADN1WGGN0CZ5BHQ687Q
01HD791G07VKA17FVPAB7M4JFS,PayPal,1186,2023-08-10 18:32:03,29-434-8514,01HD76CA3ZZ2K895ENDR04RT6D
01HD791G08ZZTD8C6KVF2ZM3XB,PayPal,795,2023-01-30 06:30:23,53-880-1857,01HD76CAF8GTZ2HQP0EXQ5562B
01HD791G09CM4BQE1S4Y7S67E7,Credit Card,474,2023-04-19 09:54:18,83-354-0086,01HD76C9DSMC24DK20BFHS4KKE
01HD791G09WC6G0G0DEANV1291,PayPal,812,2023-01-01 04:47:48,93-365-1155,01HD76C9M94GS31EFTXEDXV274
01HD791G0AXMTFV0Q45ZSWPW48,Cash,126,2023-10-12 16:13:32,94-394-2080,01HD76C919M06P1YEAB6PRMN3H
01HD791G0B8EM1ZFD5NFM5PPX4,Credit Card,1933,2023-10-06 13:37:41,01-610-2453,01HD76C9T30YHH6PKVCS3ENK9M
01HD791G0C8RE77T4T8XEY09V0,Credit Card,1985,2023-08-24 19:50:56,10-683-6546,01HD76C9E85Y2GXX9WV976DDBB
01HD791G0CP0R8D22X0N32EKTM,PayPal,1853,2023-06-15 03:04:20,57-653-9210,01HD76C91XB6VW03ADZ3F1FGY9
01HD791G0DJQ2QPE0CWK2C9D6V,PayPal,551,2023-06-06 17:25:21,81-350-3787,01HD76C9GDTQ4NQMP5HA85KHKR
01HD791G0EWAECSFWD8ED0AA28,Cash,1869,2023-09-28 17:18:44,87-004-9805,01HD76C9TTK258E382MKVZX6AJ
01HD791G0EMYJDMY4SPGTDBHNY,PayPal,1435,2023-03-25 03:57:02,83-316-0161,01HD76C9YC68C51C621F9NZ7PH
01HD791G0F3RK14REGWXPCS5X1,Cash,1481,2023-07-05 13:48:15,52-550-1936,01HD76C9VAK3X4DMYK99XRZYPH
01HD791G0GWEWV6K0MWC3MXVHV,PayPal,992,2023-02-11 09:35:49,92-666-8953,01HD76C95MRYMCWNNMD43VYXH1
01HD791G0HX24NNM8BYD02JHNC,Credit Card,520,2023-05-26 07:16:23,30-110-0813,01HD76CA8GJ3PNJ7RZYYT09F1M
01HD791G0J3VC5T349S7VHG4EP,PayPal,1367,2023-01-18 05:49:58,81-657-4576,01HD76C9VVH24AF88YSJ4W5NC0
01HD791G0K5JGD9EEPJ1854F6A,Credit Card,812,2023-03-18 03:28:11,14-819-5091,01HD76C9ZTH08AJ4BT8EZ3TPSG
01HD791G0M88C0MK1375VR8F4A,Credit Card,197,2023-10-05 20:40:05,00-044-7083,01HD76CACHMH7KAR1D8B4H4T1G
01HD791G0NKHPD1WSY6QEG592M,PayPal,1232,2023-03-20 21:24:20,39-384-7259,01HD76C9RRC0NK2AWDBANQB2Y3
01HD791G0P77RS19G16MX0WYJQ,Cash,596,2023-06-08 23:08:26,47-751-1327,01HD76C9JTBR3HF4JZ5Q22PEXZ
01HD791G0QPVR6PFR3631G7EZJ,Cash,1980,2022-10-27 08:46:20,91-501-5744,01HD76CAHSEW30M4VXE62KP6NM
01HD791G0Q5MKHSMS7EMBGH8E3,Cash,867,2022-12-15 14:03:44,52-675-0383,01HD76C93K0C2WJP185EPNBGE6
01HD791G0RDH18D8WKBSSBMJK0,Cash,610,2022-12-27 13:05:32,37-575-0819,01HD76C9CSGJRPMAZ3NE5Z4ADE
01HD791G0T2WQ8KX855QNNMKGN,PayPal,136,2022-12-19 21:52:41,28-249-8096,01HD76C8YCMF5VBATZNS48KSF3
01HD791G0VR3MDF0FX0V43NB9J,Cash,1989,2023-04-25 21:30:44,53-315-7848,01HD76C9SEE8ZMT9Z3DVAN9HXV
01HD791G0WY4M88QZA3NHJMSXH,PayPal,1905,2023-04-10 06:20:51,34-235-1002,01HD76C94RYYWD1WH0HJPY1SG4
01HD791G0YDZ9DJ7P8STE58RHH,Cash,518,2023-09-28 22:31:27,32-315-4195,01HD76CA7ZDBQTH75XSV121Q0C
01HD791G10TTFHQF9FTM3BEDWC,Credit Card,869,2023-05-03 05:55:44,69-427-8045,01HD76C9YBR1M3WCYFHNMWTFY4
01HD791G11X5SPBWJ6P74PM191,Cash,1228,2023-08-10 11:17:17,35-984-3277,01HD76CA5MN9J4Z72N0EZWHGB6
01HD791G11QX6GGQBTBASK165X,PayPal,1575,2023-09-02 20:19:22,71-412-7986,01HD76C9PJTNFZF1VRDHPQ79T4
01HD791G127ZMKCJD9WA2CYT5A,Credit Card,1170,2022-12-15 19:13:36,08-713-0896,01HD76C9W15DH3Q72NVP5W6M9Y
01HD791G13EBE4Y4NXY6PCJM7N,PayPal,432,2023-01-29 14:52:33,54-908-4439,01HD76CADRFCTCDNM16TBVVP9X
01HD791G14XCQ65VSFF78ZWCM7,Credit Card,1990,2023-06-29 12:51:11,65-971-5320,01HD76C94C08H9XHQ4S9A8B4J0
01HD791G15C47MFABYHTYHV2QN,Credit Card,1428,2023-01-06 07:41:00,75-889-9668,01HD76C927WRTYFWRGCTG5YTB6
01HD791G164CC8HCZH2DKFD9DQ,Credit Card,1193,2023-05-24 04:41:36,95-937-3803,01HD76C98DSSGP6VX1KRKZ4DVE
01HD791G16SM3CXVW1EYK3B55P,PayPal,1221,2023-02-28 04:30:12,35-144-2185,01HD76C97BBSW9ZV91XW6ZSVCK
01HD791G17136BZHW8NA1WA4TY,PayPal,1081,2023-06-11 23:39:10,26-916-8529,01HD76CAC9HCAV5C7TBKTP7AMA
01HD791G18QN82K0QBZD0AXZGY,Credit Card,831,2023-02-22 08:16:25,42-661-0274,01HD76C9YM5D8Y5CWF860TE8DV
01HD791G19QWTD0AWW41ARX5N9,PayPal,1571,2023-03-07 08:51:39,56-308-8878,01HD76C95VC3CAHMRHPM3N33J5
01HD791G1AHJM60B3ZJACJK9ZV,Cash,976,2023-01-24 05:02:54,09-227-5941,01HD76C9TJSMJP8GBG6XS2KGYQ
01HD791G1AV30NKTDEY1TSZ4MJ,Credit Card,1962,2023-03-09 00:39:57,86-621-1413,01HD76C9HF01XJ0X7S6XM9YS2G
01HD791G1BB08SS15R3NYDJ360,PayPal,1574,2023-09-21 15:40:32,84-747-1463,01HD76C9VAK3X4DMYK99XRZYPH
01HD791G1CK8TJTR1X957RZHHZ,Credit Card,1847,2023-09-16 05:39:54,18-620-0103,01HD76CA4TYNJ9DD1R8BX2A6X4
01HD791G1DPED63YACV230GR74,Credit Card,1276,2023-09-25 23:29:12,61-220-0067,01HD76C9HNDTMNY3ZWWHGKKDHZ
01HD791G1E2N5V1D47PJHPF4B9,Credit Card,1291,2023-07-31 23:55:17,90-197-5865,01HD76C8ZW65N1AZVM3WERYKJ8
01HD791G1FA76KVM3YHPRAPPGC,Cash,1110,2023-01-19 15:26:47,61-149-4265,01HD76C9X6QV9FGVWW46517C16
01HD791G1FEV02DQ4NKVEYRKAA,Cash,1008,2023-02-17 17:43:45,79-260-9666,01HD76C92AR7C8ZG0XM4KTGWA5
01HD791G1G1EGQNNJEP13FGVB0,Cash,1289,2023-09-07 16:17:15,89-841-0215,01HD76C9QPAE4ZN0P3E367FD5S
01HD791G1HW1KCRVJH1KZ70B48,PayPal,1752,2023-06-04 08:48:59,52-079-4738,01HD76CACKGM7TNTKTF40216PP
01HD791G1JFSJKZKMNR0GS9WT2,Credit Card,2000,2023-05-05 07:38:09,07-544-0879,01HD76C9PG5BRCF3TNNPR7BA4F
01HD791G1K8FN65RB0C3RDF7JQ,PayPal,202,2023-01-06 07:52:06,19-373-6608,01HD76CAGZBY4A1KRZGDZQQ64R
01HD791G1KN3614592V30XKGVR,PayPal,907,2023-07-07 07:30:42,20-291-9942,01HD76C92RF33T3MGZPHJ67C6M
01HD791G1M8ZX172EMJ96HD64H,Cash,650,2022-12-02 10:33:32,97-045-6052,01HD76C9QSKSWD986MMTVF4X72
01HD791G1NS2EG8E41KZEB0ZEB,Cash,154,2023-01-04 22:40:01,84-848-1658,01HD76CA7ECDV6C5AZM2NJGN0E
01HD791G1PC3FX0TQ0ECERYHEV,Cash,327,2023-05-07 10:49:47,76-109-0562,01HD76C9YGAP3EYGKHBM3T84F1
01HD791G1PVW3EBC4N1P3JHA63,Credit Card,357,2023-10-01 14:59:32,82-348-8527,01HD76CA5RYWF9JWQA3HGMJ8KQ
01HD791G1QA1F306ADN4BFP97K,Credit Card,1644,2023-10-09 18:47:19,17-232-7414,01HD76CA5TYV3AXA936SZNFDFK
01HD791G1RTRSA409NDGBQA3PP,Credit Card,671,2023-09-05 15:20:52,24-753-7382,01HD76C9CY9AEH99Q8C3ZJZ4WA
01HD791G1SKKSQYK5V4V1RPQTN,PayPal,1542,2023-03-14 09:56:27,66-844-6237,01HD76CACYFK15WG06TFW2MYXH
01HD791G1TVH8735RNDW43QZ2Z,Credit Card,1665,2023-07-21 20:52:29,69-014-6226,01HD76CA95YEXR2KQA5ADSEX4G
01HD791G1TXE4W61C5N0EJT5GB,PayPal,884,2023-07-24 19:56:21,33-961-2622,01HD76C9DJ97BR1VZF4VR49WST
01HD791G1VAB738CNWWTP1B6G5,Cash,1726,2023-03-29 02:59:02,00-463-2134,01HD76CAHKD9WZ7ZZ6260YGDZY
01HD791G1WGXVR69NP4D77126V,Credit Card,159,2023-09-26 13:10:46,51-166-9128,01HD76C9K9F5WKSCKRWKC39VGY
01HD791G1X9T6XPDERTEJN4JVC,Credit Card,1133,2023-07-28 05:23:36,09-406-1382,01HD76C9Y0QWVEKZB8A23F9NC6
01HD791G1YM7M5D1GVS94W2T4K,PayPal,1967,2023-01-25 14:45:51,26-268-0159,01HD76C8YXFG1V6A4BKTCTNKA8
01HD791G1ZHRB76166CBJ9KTG4,Cash,1104,2023-08-15 10:21:06,22-545-7971,01HD76C9FEG7T1R8DZQKN7WY5Q
01HD791G20QKTRS8QTAM6W80NR,Credit Card,1437,2023-01-27 14:46:58,83-414-3236,01HD76C9T1KK2H152MMVYVANG6
01HD791G21YNNVFTVZWWH0PFBQ,Cash,1861,2023-06-12 08:20:54,26-564-1766,01HD76C9KKXXX060RKRH6C2P8Z
01HD791G22TP2KNBFKAA0FJ48J,PayPal,460,2023-04-04 02:53:53,64-071-1280,01HD76C9ANC7EGASNTNFSNGQ6E
01HD791G22JY3ZRPKE3VV18GZ5,PayPal,1054,2022-11-06 08:03:42,84-790-9374,01HD76CAHWEVZP3B6TV2R2QNKV
01HD791G23QHX5NDAG2MY3Y90S,PayPal,561,2023-06-12 23:28:27,69-308-2579,01HD76CA0C9QZW4ENF6D8K2PEF
01HD791G24Q3XG9PGNCWAY8YH0,PayPal,1104,2023-02-02 08:08:10,08-508-9737,01HD76CA9FCZF7DCV5EDQH2EP1
01HD791G25MSYF9X7MAR2NFT9Z,Cash,107,2023-05-07 05:26:50,96-584-6938,01HD76C9N589FFJ0T0A9167VV5
01HD791G25RGCBZW9EEG401CSZ,Cash,411,2022-11-05 08:04:19,31-992-3876,01HD76CACKGM7TNTKTF40216PP
01HD791G26MP23YMHWT0KHEDTN,Cash,1058,2023-04-21 18:33:25,66-542-6553,01HD76CABTN1P6C8EMBJQWR19Z
01HD791G27VCB5T1A6K4H66GP9,Credit Card,875,2023-08-01 03:23:38,14-750-6269,01HD76C934R106E9SESBDNGG7G
01HD791G27BPHRBN6WK8CS5MV5,Credit Card,1212,2023-07-10 18:28:34,77-869-7804,01HD76C9P6Z9W557E13JX17TME
01HD791G28AC9TRNR63AKBCNQ7,PayPal,1740,2023-06-03 01:41:24,15-817-8701,01HD76CA61FKZAWQ0TW6W2VP2P
01HD791G29Z75JNRCZHC016Y5W,Cash,1954,2023-07-10 08:16:31,96-809-1510,01HD76C9S0CQ2HADV61F6D8JD6
01HD791G2A9NV1XYAR46RXRTMP,Cash,1638,2023-04-13 02:17:09,16-656-6667,01HD76C9TPMKFCS2T8A1EZQD0X
01HD791G2ASMXTVGGY7TXAQV57,Cash,1976,2023-05-09 07:32:59,11-115-0123,01HD76C9GB9BBTGJ7FMYJH88PB
01HD791G2B7H7Q39D7YPHH2K7W,Credit Card,710,2023-06-04 20:44:48,19-920-2006,01HD76C9QARN5AXEP4EBJ5TC9P
01HD791G2C6BSDCDE8XRM6M4R2,Cash,1100,2023-10-10 16:44:42,11-327-5989,01HD76CA9GSZ5G53MK2PJ6HEAS
01HD791G2D63F926C4T4XZ7JY6,Credit Card,480,2023-08-29 05:57:28,76-459-9516,01HD76C91RW3RNG19MW9PZZKD4
01HD791G2EAP3GVBYF4TQWX1ZC,Credit Card,1640,2022-12-12 18:24:13,95-283-1007,01HD76CADFSQXBDBXRG91WAZNV
01HD791G2FB362N9MP6R216F2P,Cash,299,2023-02-22 16:41:38,83-249-7071,01HD76CA04H76GNVEAVM65J7B4
01HD791G2F9YH11EE2G8EJKBRX,Cash,1218,2023-02-20 11:29:16,56-294-6873,01HD76C9X77M1FVJHWTHQHFMAK
01HD791G2G31M7EVV0T0SP9XM1,PayPal,1025,2023-08-08 15:09:11,05-654-4613,01HD76C9YTFSVEX3SAMN3WQM4X
01HD791G2HJEXX7MQ3WNXPQGJ6,Cash,827,2022-12-10 03:34:45,11-208-2407,01HD76C9W627BVB0EGEWF7NCPR
01HD791G2H1GW3RDZ9B33X9AV7,Credit Card,1654,2023-06-05 09:11:06,93-270-6992,01HD76CAF5A828JBTCFT5FMR3V
01HD791G2JG8Y0D0WZDP7HF4B8,Credit Card,1730,2023-06-17 23:08:59,90-583-7277,01HD76C9WAAYX4BZKQ380N79XX
01HD791G2K9VFCAKSR4PE0PP17,Credit Card,887,2022-12-19 23:25:39,62-926-6418,01HD76CA6RCSMMN79A34SEC51X
01HD791G2MXY12E0ZPMWCJKA2G,Credit Card,207,2023-04-07 10:26:48,01-220-3980,01HD76CAC1R1D8HGRH39KF0BA7
01HD791G2NEN26SVVPFZ9J44FW,Credit Card,137,2023-07-09 12:07:59,58-264-6704,01HD76C9CSGJRPMAZ3NE5Z4ADE
01HD791G2NAQJEH66B78DQ5FHT,Credit Card,789,2023-01-08 02:24:24,10-084-5735,01HD76CA6B8C4M7M7JXY9YR1FA
01HD791G2PD09TRSKXTC830CTC,Credit Card,1918,2023-02-04 13:49:38,92-943-2986,01HD76C9W548SG2EXJ71WZR91Z
01HD791G2Q82NG3Z1MHW80N7BE,Credit Card,1356,2023-08-16 16:31:31,59-252-6557,01HD76C9CABC1NGM94VG0KC7V2
01HD791G2Q9JSY6F29VYNPWZ4T,Credit Card,1574,2023-05-01 01:11:24,16-138-2010,01HD76C9DDB4P9Y85MHE53TKRS
01HD791G2RHJJJS83KE7ZHF07A,Credit Card,760,2023-08-20 19:49:01,59-788-0110,01HD76CAD6CCX7HQ3V2SNQWR6T
01HD791G2S57KRSCVZB3Y9MJYG,Credit Card,1520,2022-11-17 12:08:21,26-382-2114,01HD76C9JDEYDVFV99MM8E868H
01HD791G2TFKAZ7ESWKWCGXVGG,Cash,825,2023-03-12 04:28:17,03-968-8857,01HD76C9F1CZTK8A0AM4MHQ426
01HD791G2T42XF68MMEBZRQB8C,Credit Card,854,2023-06-15 15:56:06,26-551-3525,01HD76C9G6F2472002KNBQAJ0T
01HD791G2VCANA3C9RANKVC28J,Credit Card,1416,2023-06-03 14:50:40,88-005-7964,01HD76C9XAHDXW9HKGT80PEKTC
01HD791G2XNN4EBD9GRHSB8F5Y,PayPal,731,2023-04-07 04:34:26,65-696-3991,01HD76C9FCFMAVMJ2RW098EW0T
01HD791G2YCKN9THHNGWB7D1BH,Credit Card,1362,2023-01-16 01:11:34,06-332-5879,01HD76C9TMCE6AVC7HT6NXJJAR
01HD791G30TDXEPGDJXHVY54SW,Credit Card,1530,2023-05-11 16:54:54,52-565-2310,01HD76C9Y65HQTHPKYZCJYPQ39
01HD791G31FC61K636FJY2KWYN,Credit Card,892,2022-12-26 01:54:05,45-026-1444,01HD76C9GA75A0FEQQ88MMWF7M
01HD791G3238X7RX4WYGPB6SGC,Credit Card,1854,2023-01-21 11:26:02,36-211-2563,01HD76C983BZ1CRSMEFKXS21XG
01HD791G33N6B247PTERS8R2ST,PayPal,1975,2023-03-09 14:01:15,72-853-2735,01HD76CA4K2ABX21VHQBAG1MM3
01HD791G34N00JNYS1PRS5T47S,Credit Card,195,2022-12-04 17:15:46,49-450-7064,01HD76C9B0XXVBDQ12D4G905DR
01HD791G34FCN9SG6P0J3KH5NA,Credit Card,1944,2023-01-15 01:53:31,91-646-2955,01HD76C97YRGT9RBG351M4ZD2Z
01HD791G35V6TQR4GXSJFG6HYW,PayPal,398,2023-09-17 09:27:41,67-727-0709,01HD76C9D9T8EGQTD20V735JKJ
01HD791G3711Y7DEAE5X3V9NCC,PayPal,519,2023-08-07 11:26:58,05-781-9259,01HD76CABJX690WDGXJ417WH6V
01HD791G385YFD6XHKSP02DWH5,PayPal,725,2022-11-29 08:17:24,83-614-4158,01HD76C96QTE6NS2DXSYYAMPZQ
01HD791G3A6NQPPYXHZVD1VG3A,PayPal,935,2023-10-04 07:01:19,38-162-4932,01HD76C9S40B2T93B8830TFNW9
01HD791G3BA9A2TD6JP07W7WY2,PayPal,1728,2023-07-27 16:17:19,57-850-9206,01HD76C9C4HA44AC5CCC3CKRGP
01HD791G3BZ7WCM755ZCM3PQS9,Credit Card,373,2023-04-10 00:21:16,71-161-5844,01HD76C9737RKE8E8GA3S61H45
01HD791G3CR8D8JG71TMTG9ZJ7,Cash,587,2023-06-23 13:11:49,07-851-7092,01HD76C942SDKRJYT1JCM9AYJK
01HD791G3DF0VYN8PZ1W997RC0,Cash,1840,2022-12-07 18:43:49,44-287-8178,01HD76C9DGP10QS6G2E4AYK3QG
01HD791G3EHNA2NK9K69XMVT44,Credit Card,516,2022-11-06 14:01:02,00-215-3383,01HD76C9SXRAA43BCM51JJX2X0
01HD791G4YRA7CNDWSAXZK7SE3,Cash,1318,2023-04-29 14:59:02,58-390-6048,01HD76C9XFF4S47YS6MM0XVZ7N
01HD791G50155F8JQAK0HWVCTQ,PayPal,966,2023-03-11 01:39:09,96-896-1352,01HD76C9SXRAA43BCM51JJX2X0
01HD791G514R3RYP8VVYA71KZ0,Credit Card,1518,2023-05-26 09:55:09,04-261-0566,01HD76CA03NQZKYW5RHR4W6CJ5
01HD791G51AT02EMXJHXE688D5,PayPal,733,2023-01-21 01:42:46,90-515-2569,01HD76CA79NPF5QZNERKSPJNQ6
01HD791G5223PZWCTQDV2JXF26,Credit Card,1311,2023-02-25 13:07:38,15-631-1325,01HD76C908BH8KNERBB7SF4B7T
01HD791G53V9T9759QJ89KTM3E,Cash,755,2023-01-07 10:48:47,14-449-1406,01HD76C8YT4SD0J4M6B3MYTMGF
01HD791G54G2ETHXSJ2K2203GM,Cash,249,2023-08-29 18:08:19,01-248-3941,01HD76CADX9MJ1V1B38H4WGGH4
01HD791G55ZXX48713FYGC0014,PayPal,697,2022-11-07 10:34:44,10-758-6086,01HD76C9E7DXNY2TMAP9536VMD
01HD791G55PJV7HMTEAMB3HSQG,PayPal,1785,2023-09-06 12:44:21,59-632-3282,01HD76C9X006CE0WDV9KX6FEDP
01HD791G56TC38PMBZJWB5BW0T,PayPal,383,2023-03-14 05:36:39,75-721-7975,01HD76C9RK4TZ8MEHEMV8H0F9F
01HD791G57Q3GT432N93B1AY1X,Credit Card,265,2022-11-28 07:44:39,62-543-4219,01HD76C9EFTVHF0QDZ4PDTC84J
01HD791G571DFW6VB6CDG95HVR,PayPal,1825,2023-04-29 22:02:28,48-846-1840,01HD76CA3ZZ2K895ENDR04RT6D
01HD791G598528S972RJNJERB7,Credit Card,544,2023-06-12 14:20:18,50-606-6529,01HD76CABJX690WDGXJ417WH6V
01HD791G59HCEYKHSJQ30H8G2H,PayPal,980,2023-01-16 00:37:12,74-324-2166,01HD76CABHX3S478J20P5X1FDX
01HD791G5AX84ZQ9HV8569GDWD,PayPal,775,2023-01-16 22:30:09,28-925-4561,01HD76C9X2V5WVXPPZ806XXZ5D
01HD791G5BN9VMQJP85KHGD9R5,PayPal,495,2023-07-19 22:10:25,39-760-0862,01HD76C9MGWEAR6EC1YS3KPNQP
01HD791G5C06J4J255V9E6KFBZ,Credit Card,1743,2022-12-17 12:21:27,37-569-4798,01HD76CA4MQ38C2TQ63HW34BG8
01HD791G5CRK0BZY90SWADJKNW,Credit Card,452,2022-11-10 23:11:54,96-890-5983,01HD76C9QZXXHSKT4A46EJRT77
01HD791G5DB03P36ZY1R45T3KV,Cash,819,2023-10-20 03:15:59,92-723-3417,01HD76C9ZKJKTXMD1CZ7Y1K6TE
01HD791G5EEGQNRESRM54AC5H3,Cash,1312,2022-12-27 22:59:46,45-541-1959,01HD76C9JDEYDVFV99MM8E868H
01HD791G5EF93P7RT0MRV3AMDW,Credit Card,1966,2023-07-05 00:03:29,17-982-7659,01HD76C9GF0MV8EZ1CPMHZ44ZR
01HD791G5FJX9NYHBS2XK4RWR1,Credit Card,1744,2023-05-31 21:47:51,63-905-1258,01HD76C979251VXAQPXT7757A4
01HD791G5GK8866MMJ0DE15PV6,PayPal,986,2023-10-07 17:41:12,83-389-0680,01HD76C9D4W7MJ51WABB8EP0P4
01HD791G5HCMN7F0XQMXVTQH81,Credit Card,1933,2023-07-17 04:28:51,78-007-3196,01HD76C9FHMX34X5541Y83XMQH
01HD791G5K14SDM9V511Y1W78W,Credit Card,1210,2023-03-01 06:40:22,78-217-6339,01HD76CAHSEW30M4VXE62KP6NM
01HD791G5KGPSD8S2RGZR27S8S,Cash,110,2022-12-02 10:14:54,19-698-5607,01HD76CA5YJKV8YSTMC5D45FS0
01HD791G5M5VR1ZZ7Z3VGZ4BTK,PayPal,1359,2023-01-11 02:56:58,08-727-0479,01HD76C9QERW2WZRRBCGWZBMDE
01HD791G5NWP08EQWCH04PPKJW,PayPal,1158,2023-05-22 01:12:35,58-293-2067,01HD76C9NMAVMJNCA3SBH384KV
01HD791G5PCP155T3GR7TAPYH4,Credit Card,1616,2023-01-27 12:48:14,44-598-0642,01HD76C95CB0BYHM6VH5Y69697
01HD791G5QVGRV83W1VSEV5JK8,Credit Card,1272,2022-11-08 11:07:46,38-875-4902,01HD76C924XPN3T9CNDYE86P5Q
01HD791G5RQ8ZD23FK0062M3PC,Credit Card,616,2023-03-02 10:04:04,57-779-1815,01HD76CA5E0AJHTRK0F84DPAF0
01HD791G5S6X8SGY13H67FP893,PayPal,1133,2023-07-20 15:30:46,07-630-6280,01HD76C9WYW0FQJY0V1H1C6Z0X
01HD791G5TM9FMSEX4WV5P58QN,Cash,1401,2023-09-07 14:11:57,79-047-6277,01HD76C97W9GSC60WMPNDDT9AT
01HD791G5T1DTKX3PHSTCXHFHE,PayPal,1739,2023-04-30 15:48:18,15-512-2264,01HD76C98F3E4ZFN8JEWFR5W6W
01HD791G5VVTW0AKGKRHGW3J4Z,Cash,709,2023-03-04 04:38:14,53-502-8962,01HD76C9KSNY7T79XDM1S6KP4B
01HD791G5W8HS9H8QK4AYRP7DT,Credit Card,1990,2023-05-19 04:33:14,10-602-1169,01HD76C9Y4WEDRWZJ07VTBFWK5
01HD791G5XACK9NCPN70EE9XS0,PayPal,122,2022-12-09 18:12:55,75-447-5246,01HD76CA7CCABQNPEDMFC38ZVS
01HD791G5YQDY0Y5S2T448E1F7,PayPal,116,2022-11-22 20:39:20,11-141-0141,01HD76C99WJVR96CP46A05F9JW
01HD791G5YVYHYMF123KGTGZJ8,PayPal,1505,2023-05-10 12:53:45,86-942-1883,01HD76C9C76ZEX3YANZ4B1V4EG
01HD791G5Z58CK5WSQ75GQ04EA,Cash,612,2023-07-23 15:44:08,63-228-0930,01HD76C977C51J254DSWWEVCRD
01HD791G606H9TVFC3A25RFW1D,Cash,1783,2023-04-24 23:27:27,36-369-4158,01HD76CAHD9M0HV9Q4MEB8PTCY
01HD791G61R8GGER2EJJHV44HM,PayPal,1996,2023-04-17 05:28:08,15-966-3944,01HD76C9VWHR93APV968ETSG40
01HD791G616ESMS6T8QYB6XZK4,Cash,1491,2022-11-02 00:25:53,90-953-7117,01HD76C9GH3ZZMVZJRXPARC4T9
01HD791G627F7W6P6G1C1TZDXX,Credit Card,893,2023-03-15 04:25:54,20-918-2566,01HD76CAB9FGC97234RVBAFVAM
01HD791G63C9XNTNW9Z9JWB91D,PayPal,1068,2022-11-13 04:40:12,57-701-3617,01HD76CA942VFBC27TR0WSG1RJ
01HD791G647QBZJQ9E0ZT904M1,Credit Card,987,2023-03-28 22:28:33,95-684-7073,01HD76CA03NQZKYW5RHR4W6CJ5
01HD791G65TH5CHNMJNTQTAHHZ,PayPal,109,2023-06-04 08:06:33,20-602-0615,01HD76C9XPJQ557SV4X9GSD3F1
01HD791G65DRNNJXGTPFFB7S7V,Cash,1497,2023-03-15 13:12:39,48-142-4942,01HD76C9X77M1FVJHWTHQHFMAK
01HD791G66947HXFYWEQ7J7GRJ,Cash,252,2023-04-09 14:42:05,98-676-2359,01HD76CA76P4QDC60HF2BES3DZ
01HD791G671791K4K0JJWDJQC2,Credit Card,562,2022-11-18 21:17:36,72-490-7227,01HD76C9260APBRCZXZ00NR7JF
01HD791G67XX0G9SSTCZ66BKEX,PayPal,737,2023-01-16 15:32:08,75-896-1618,01HD76C9YYJWHPN3YTAVEQ6DAM
01HD791G68QTVATKSEDWF6AZBD,Credit Card,1864,2023-01-15 12:20:32,00-000-8031,01HD76C8YKD00YSJ91E4PBZC6X
01HD791G69RGWYT47KRBDR7898,PayPal,1654,2023-09-12 02:53:37,90-424-7054,01HD76C980EZ4HK53QBVXM4XQG
01HD791G69S6BVYGPDQHNX0XCM,Cash,321,2023-04-12 18:40:49,51-347-5742,01HD76C9YETBJYHAY7XHCZ9FQ7
01HD791G6AA1NCXAMNZ1TRQKM7,Cash,1747,2023-04-13 11:50:23,24-299-2229,01HD76C9FXR69MWX8ZK507ZYHM
01HD791G6BRCZ4V20E2HV1AVQJ,Cash,394,2022-11-15 09:18:27,31-962-0561,01HD76CA0HW59G31F5HK7KYS6Q
01HD791G6CXBFMJ6BYGT82980Z,Cash,664,2023-07-26 13:12:17,94-530-6208,01HD76C9SAXKNJW2VSVG5SKVEZ
01HD791G6CNA37QNDYFD3YZSKF,PayPal,1096,2022-12-26 23:35:33,30-579-4336,01HD76C9Q7JNNCEKZXPB938AD1
01HD791G6DN5ZVSJX06NNTGCBC,PayPal,296,2023-03-29 20:43:46,74-243-4430,01HD76CA5RYWF9JWQA3HGMJ8KQ
01HD791G6E0YSWJ2P4JF1KHC9K,PayPal,1838,2023-01-23 14:00:14,20-802-1644,01HD76CA1H4XRHFQCK8V5FGNCH
01HD791G6FPB7J2Q24NWR9QBD2,PayPal,1753,2023-02-04 05:23:40,35-163-1924,01HD76C9AYPXPW5NYJ3ERAV33Q
01HD791G6GJX73GCN6YHYYP21S,PayPal,927,2023-03-22 12:53:50,74-755-0062,01HD76CAJ06Z3XDN8T2XX4RH5B
01HD791G6G4X31ZFP4XANSBFAB,Credit Card,1223,2022-12-08 14:41:44,79-958-4091,01HD76C8Y83EYBSDM8SCT510DK
01HD791G6H5AEJDH7774XKJ5KF,PayPal,1815,2023-09-29 20:30:10,21-683-2867,01HD76C9NY8GPVTZH0RWEX9Z3J
01HD791G6JS75CJF7TF33PTJQJ,Cash,1178,2023-01-25 21:14:58,65-480-2488,01HD76C9SEE8ZMT9Z3DVAN9HXV
01HD791G6KHS3817HVXGKG5ZPE,PayPal,573,2023-02-23 08:07:26,83-222-2241,01HD76C8Y83EYBSDM8SCT510DK
01HD791G6K3Q5S7VC65KENST4H,Cash,1244,2022-10-30 00:19:06,78-122-7606,01HD76C9MMRTWEMNWS5FADE5P0
01HD791G6MAFPFTJ1F0ZWQSTAE,Cash,633,2022-12-12 17:42:35,27-275-6804,01HD76C9PQ59ZM954V6WXW6M6R
01HD791G6NBKGRG90FYNC7TC1Q,Cash,1899,2023-04-12 12:21:00,61-169-3067,01HD76C93PMSM0ZNJ22R8FWFSR
01HD791G6NKAB7CDXS6F2VJYCR,Cash,855,2023-10-16 05:11:52,49-359-0797,01HD76CACVRNVXZDP3F725XCZV
01HD791G6PXTQJMY1NA3KN4GCA,Credit Card,989,2023-02-05 17:25:51,64-481-3250,01HD76C9SDGEYGVNSSH9XDVG90
01HD791G6Q15XMZ897T3V4715B,PayPal,764,2023-10-15 05:18:18,28-547-6521,01HD76C9V3EVBCKA0JKPVXJF06
01HD791G6RKFYDNXSE8ECWQFVY,PayPal,1638,2023-04-23 06:02:45,77-600-7467,01HD76CAC3CY52MPV11ZH69FMZ
01HD791G6SZP8WNR6XPZKE9Z23,Cash,1719,2023-03-19 07:41:38,28-405-6267,01HD76C9QYHVZHTTJ4SFWY4V65
01HD791G6TY6K2SC42QAPBE1EW,Credit Card,605,2022-12-28 18:18:02,09-595-6626,01HD76C913TA6CM69PBQH6CMQR
01HD791G6T64EXT3ZQ9ZC1ZMR4,PayPal,980,2023-09-29 08:40:16,23-652-1744,01HD76C9RB5GF6MTRAMC8Y5YE7
01HD791G6V8HXM045XXXPAZTBT,PayPal,272,2023-08-14 17:33:17,22-648-2560,01HD76CADAXEWHSKMBG8N3ZZ2P
01HD791G6WMPAFQ9BQRF0ZD7NP,PayPal,190,2023-05-25 09:33:36,95-260-8183,01HD76C8ZF1E8ZY4J0M93ZJDMQ
01HD791G6X0C59S757ERGXBFWY,PayPal,1800,2023-06-03 03:56:58,20-182-6669,01HD76C8ZSGR1407N9BPA2CBX1
01HD791G6YNBP1FTJY542TC52Y,PayPal,927,2023-06-18 22:29:01,46-267-1421,01HD76C9BMJR2WNWGGESFF4WPY
01HD791G6YF4BWND4BTQJ1QSAY,PayPal,1471,2023-08-09 19:08:27,68-999-3144,01HD76C8ZSGR1407N9BPA2CBX1
01HD791G6ZQXE7W7ZVZ6728AGE,Cash,1191,2023-04-25 14:35:56,02-740-3129,01HD76C9H0VWGQZG92JZB5WHHA
01HD791G70BRQM8XX9A5TK063Y,Cash,153,2023-05-30 01:25:24,16-046-5792,01HD76C9NR7R9E075FDPMG68KB
01HD791G705MF1R8A2SYNNM6MB,Cash,1130,2022-10-24 13:40:00,38-684-6424,01HD76C9H26VDJ1SBZKWFYF8TF
01HD791G71NK4SMV1X783P5AVH,Credit Card,662,2022-12-15 18:13:44,30-016-5032,01HD76CA5RYWF9JWQA3HGMJ8KQ
01HD791G722738EDTAD7P77P8K,Credit Card,1607,2023-06-10 12:43:41,97-323-1908,01HD76C92TNK5MV90DVERQKQ69
01HD791G73H55NAYN761ZHY5J6,Cash,1600,2023-01-10 22:35:36,47-847-0694,01HD76C9RMTSS7M6P4SZ7JWM0P
01HD791G73JF571D6F059EETJ3,Credit Card,1773,2023-02-03 16:47:41,46-490-8896,01HD76C9YFG9Y9SBR6GZR4H3M4
01HD791G742ENNE0JW4Z422JZK,Credit Card,643,2023-08-13 13:09:06,72-278-8696,01HD76C9SVSK7KNC0HZAKB32NF
01HD791G754605MS7F2TFRD47E,Cash,1320,2023-06-14 06:54:54,58-987-3425,01HD76C9260APBRCZXZ00NR7JF
01HD791G75MH0HMANXATNQ4MHZ,Credit Card,967,2023-01-31 21:14:55,65-784-6442,01HD76C9YTFSVEX3SAMN3WQM4X
01HD791G76KMYV589B3AG25RYP,Cash,704,2023-06-30 19:36:53,51-392-2602,01HD76C91DRD1828337YRYTPZ7
01HD791G77SPEJ35A2AJBX2AXG,Cash,707,2023-01-25 19:56:16,37-078-5791,01HD76CAH70098T45C6YWPX0YX
01HD791G78EY8DT87M64RSR6SC,PayPal,133,2023-06-02 01:57:48,33-993-0353,01HD76C9QYHVZHTTJ4SFWY4V65
01HD791G780GXCNEY836JHGFZE,Cash,1082,2023-08-16 03:05:41,49-462-0034,01HD76C9NCPNS2V9B0NQTNJ6DS
01HD791G790P30Q1GS0SWBS5BF,PayPal,498,2023-02-26 19:50:13,46-232-0444,01HD76CAGRYTKKXC9ZS26QYD6H
01HD791G7A9YKTQ8ZSBN4AMHRK,Cash,149,2023-04-05 20:04:52,04-699-9560,01HD76C99Q298HH72Y6PYRA0V3
01HD791G7B89QSNJM6HDRVS8VZ,Cash,494,2023-03-08 07:55:22,84-300-8706,01HD76CA7AKG7GD7KMV1QZ74E5
01HD791G7BQ8A3D7751PPPBBWY,PayPal,212,2023-07-26 18:23:54,03-374-6495,01HD76CA8KJAVH3MKPQS5ZXABE
01HD791G7CD4YGJ0TDYSQ3ZW8D,Cash,1819,2022-11-23 09:16:24,55-592-5986,01HD76C9DBY5G7XFRM1XM2HG7Y
01HD791G7DKZWC2G5QMEC2BJ2W,PayPal,1420,2022-12-28 14:18:11,21-721-7193,01HD76CA4TYNJ9DD1R8BX2A6X4
01HD791G7DPZH1YF8MJEJX73JR,Credit Card,1951,2022-11-02 07:23:50,49-794-5591,01HD76CA5YJKV8YSTMC5D45FS0
01HD791G7E7CFPXKJ3ZC9EN6C1,Credit Card,1326,2023-02-05 21:47:39,75-759-8840,01HD76CA7D6NJJEVK1DYARHJ12
01HD791G7FKPETN750HSNRNZT1,Credit Card,1134,2023-01-02 15:48:15,45-950-9569,01HD76C92F2S4FF9432M3MBJDQ
01HD791G7FE6M95YQG41SXJR6S,Cash,274,2023-01-27 20:49:10,95-574-0521,01HD76C912Z8TDY4D0680TKE4Y
01HD791G7GWAG638BE375NFZ0A,PayPal,430,2023-06-13 07:13:26,49-531-2184,01HD76C95VC3CAHMRHPM3N33J5
01HD791G7H6SD8P58QZ2G8RRPX,Credit Card,1296,2022-11-09 00:43:32,05-118-6166,01HD76C99EAPN3EP58W178SMXW
01HD791G7JPSPJA8B5HP154THW,Credit Card,763,2023-02-26 14:04:30,93-076-6260,01HD76C90TQ4KR17SZDK9Z0KCV
01HD791G7J5BXYXPKZ68K4BGS9,Credit Card,796,2023-03-12 03:17:55,99-936-5153,01HD76C9NJ2WJXV7BMEE03YW56
01HD791G7KQP8WJS3F3GYR63CA,PayPal,820,2023-06-25 13:08:22,03-810-8711,01HD76C9VCWY1CBXBF6AN5VDA5
01HD791G7MSHP2ZVNW1DJHS3WV,Credit Card,1379,2023-07-10 03:11:26,22-927-5630,01HD76CA8PYT3DQDC8NHBP42T8
01HD791G7NWWQC43M3B14TJVCY,Cash,715,2023-09-29 09:14:46,54-940-8932,01HD76C9BFFZ536EWV6Q533823
01HD791G7P6Q69Z1N8DBFETHSJ,Cash,697,2023-03-03 07:30:11,87-884-4470,01HD76C8Y252BXDS9YGBWEVX0M
01HD791G7PKX0ZEQEEAH25JNX6,Cash,359,2023-02-05 07:55:49,05-917-8215,01HD76C9GRCDD27JEY0DKTQW6B
01HD791G7QWCCENPC03MXNRQRW,PayPal,1729,2023-05-24 22:19:42,82-369-8487,01HD76CAB0TX2GDCGP189MZ07G
01HD791G7RA1GAHXMFF0GHVX4E,PayPal,1785,2023-04-10 15:03:28,49-118-9935,01HD76CACZP2T20CDDZG9YTRDQ
01HD791G7SDMJ6FR15K7QVV6G1,Credit Card,1910,2023-05-22 19:32:49,60-249-4083,01HD76CAHG81E7J33MG0P3R6FZ
01HD791G7TYDY004GTPMX2SAKE,Cash,563,2023-03-13 01:13:10,45-475-1332,01HD76C9PFF7RMWRC59E3HBQ99
01HD791G7TN3GWBNB1GG6QNSXA,Cash,1027,2022-11-09 15:50:25,23-928-3161,01HD76C9A433K7JM1SZQF9PQTN
01HD791G7V8PWDXA3G7PDQCGFT,PayPal,1251,2023-06-06 13:35:33,21-702-7268,01HD76C92H9CGS9TYMDHWT15HN
01HD791G7WCQ81CF0CJ9C6DSVX,PayPal,1336,2023-04-26 03:49:27,39-323-9462,01HD76C944FQ0HVMREQ7JZ7Q7V
01HD791G7XXG244NCTXZKYPZZE,Cash,643,2022-10-26 14:22:46,05-112-0655,01HD76C9JA9Y4EK3DEPHG3SSB5
01HD791G7XQVWXXY2N1BG48B50,PayPal,509,2023-09-19 23:02:33,47-947-0827,01HD76C8Y83EYBSDM8SCT510DK
01HD791G7ZC75FRRZAFMQ96XX9,Credit Card,1494,2023-09-12 03:14:09,50-586-2773,01HD76C9A1XTXJ2ATM9SJEZQD3
01HD791G7ZJSN9CZC07G1VH4S4,Credit Card,1771,2023-08-21 14:22:03,86-768-2847,01HD76C9M94GS31EFTXEDXV274
01HD791G806PX68D2G0SRVAS3D,Credit Card,1762,2023-09-07 21:43:01,31-312-8816,01HD76CAA2KPXWH8N7CKPK7R67
01HD791G81TYWQM33EXVZ6EXNH,Credit Card,181,2023-07-12 16:26:07,43-987-3177,01HD76C96XS44AX9WTZK7ZD2TG
01HD791G81WXW7SNRS113CVNG6,PayPal,963,2022-11-10 15:22:12,46-975-1536,01HD76C9WR43BABCJH02QRB56H
01HD791G827PPASRR2NBAQA9X6,Cash,772,2023-08-28 08:21:48,56-474-9200,01HD76C96MTV7AJD2NR0CR3C7K
01HD791G83RGA06FX2D61H75A4,Credit Card,1262,2022-12-10 14:10:14,90-658-0041,01HD76C9QVW8BP67104GXBTZXR
01HD791G84FBMBJV7R96TEYZ4M,PayPal,1633,2023-03-08 15:14:16,69-937-7325,01HD76CA52NSFHQP6NC0TE7AHB
01HD791G84E18SM1AEJ9E3KMVA,Credit Card,400,2023-02-28 05:05:43,13-147-9871,01HD76CA184CTS3XDK451KD950
01HD791G8562EBERQ5289PX599,Cash,1255,2022-12-21 09:48:20,11-351-7849,01HD76C996TXHR59Z4N16SY1AZ
01HD791G8645H8FMZW3087ZD9N,PayPal,519,2023-05-16 22:32:06,79-693-9589,01HD76CA5N121XG87JRXNATDXM
01HD791G87QWFXBQ6QEY4QY4SY,Cash,580,2023-06-06 18:26:19,29-158-1242,01HD76CA8XPDBYB6ZSTT8CPJ93
01HD791G87M1S7VZFPMNFE91Z0,Credit Card,820,2022-10-24 09:44:36,20-438-8861,01HD76C9RTKJWXMK7JRH7GZ8RR
01HD791G88NHRKJMW69XCAA0JR,Cash,278,2023-03-17 08:26:00,87-548-0805,01HD76C91Q3B56XEZEAPC795NA
01HD791G89C856D0P3QHJET6MV,Cash,259,2023-04-20 07:59:44,94-608-2736,01HD76CAGRYTKKXC9ZS26QYD6H
01HD791G89K4A94XAK5DRJEC4K,PayPal,760,2022-12-28 12:39:25,70-780-2087,01HD76C9QZXXHSKT4A46EJRT77
01HD791G8A7WC8Y1K9FN4KXY7X,Credit Card,261,2023-09-12 20:38:29,28-183-0664,01HD76C9ZNBQMNSB3GJJPCPXCZ
01HD791G8CZZRRJ1ZF85Q1Y22Y,Credit Card,1435,2023-09-28 14:30:47,00-482-5825,01HD76C9NAX41Z37V30Q0T5CVM
01HD791G8D1EPKMV1EMRBD95AW,PayPal,1861,2023-07-23 16:59:11,67-352-9674,01HD76C9EY05HWQR6RDY26A6ZZ
01HD791G8FWBV767FF5VEBWNA7,Credit Card,286,2023-04-12 16:07:54,95-068-5164,01HD76C9JCEG44ZQZJXPQ98G8A
01HD791G8GCCN76AARW2GTC4Z7,Credit Card,1457,2022-10-30 04:37:45,34-777-2689,01HD76C95MRYMCWNNMD43VYXH1
01HD791G8JJ4JJBYGV2YEA9V7B,PayPal,1194,2023-04-09 01:39:01,76-212-8740,01HD76C9M16Q1FAH4CJEZNJ2A6
01HD791G8M1KSMYY3P42ZRHJ63,Credit Card,768,2023-08-16 01:46:46,64-208-0567,01HD76C9Q0AY1HFWW65ZXT40PA
01HD791G8NVCD3HGRRA21MJWX2,Credit Card,1538,2023-01-04 11:16:43,05-695-5477,01HD76CA6853JCD3S85GZNKZ64
01HD791G8PTVQ0Z5WT8Z0PTZ04,PayPal,1892,2023-06-02 23:01:01,70-451-8375,01HD76CA6650BZRDMEZ1E69DYP
01HD791G8QGPEKJSVF59A4XPGV,Cash,103,2023-02-07 20:03:00,13-718-9661,01HD76CA4P4VF3JP827Z5HR77T
01HD791G8QDSMSFMX1VNJ61MS5,PayPal,1230,2023-03-03 23:03:03,81-952-3640,01HD76C9NF0SBNJGJYKRZFG7Y5
01HD791G8RAADGGJDNX3T9P2B8,Cash,1449,2023-03-27 18:02:55,19-723-0512,01HD76CAHXRTM0W91SV4VZQC7J
01HD791G8SKGH9AAWE9EBH4Y7D,PayPal,1454,2023-08-08 15:42:55,68-956-6118,01HD76C999M04YXQPGPZGDXQFG
01HD791G8S6HKB1Q4161SK01RF,PayPal,427,2023-10-13 01:45:22,15-057-5572,01HD76CA7ZDBQTH75XSV121Q0C
01HD791G8VNBWEQSZHJ4D9MQV1,Credit Card,1699,2023-04-03 21:26:38,98-911-9022,01HD76C9NTYXKC3J6WM80V1BVX
01HD791G8WH07VFDGS322N04XP,Cash,888,2023-08-02 05:03:28,73-277-8627,01HD76C9CB5TYTJ4KFXYSVF80K
01HD791G8XBZYMQKSV8YZ6TX9A,PayPal,1304,2023-05-23 01:40:45,18-783-9873,01HD76C9S61E3N0Q06B97RM3GG
01HD791G8YGZ1B31CZAMSVG6G9,Cash,824,2023-03-11 11:09:06,71-758-3043,01HD76C9D1CMT1GP7CTRZZVFPD
01HD791G8Y00ZSQHC9M7GH448X,Credit Card,915,2022-10-22 18:16:31,76-675-1129,01HD76C9VDS6QY5AYRKZBHWQK8
01HD791G8Z49WM8QYCQ9FAM7Z7,PayPal,996,2023-10-17 12:49:29,98-922-4492,01HD76CAHTB2B8PVR1SNEBMEWE
01HD791G90YW7CXWHECY91TRVF,PayPal,710,2023-07-12 04:51:42,89-373-5259,01HD76CA6B8C4M7M7JXY9YR1FA
01HD791GAM5YSG6NAY2HPPV1TH,Cash,266,2023-04-12 04:57:35,21-683-2867,01HD76C9C5GHE6B49GV2AHFZV2
01HD791GAPWWEK0PHEKXE1EVQP,Credit Card,970,2023-05-21 05:13:31,14-410-7224,01HD76C9T1KK2H152MMVYVANG6
01HD791GAR6YM7SYJQZWQRRVET,PayPal,1877,2023-01-24 10:18:58,03-139-7231,01HD76CA3JGMD5R1VMKABPPQVQ
01HD791GASVD5SEPYMCKEC5VSJ,Credit Card,1747,2023-10-01 05:25:31,33-961-2622,01HD76CACQ6W05KHNS90P5S16H
01HD791GAVEXF97DJ0M1NS61M6,Cash,1587,2023-04-11 05:15:24,36-424-6077,01HD76CA6650BZRDMEZ1E69DYP
01HD791GAXFM2XFGEDESVF4DQ9,PayPal,1789,2023-01-01 07:36:57,15-966-3944,01HD76C9KY41V3PC809YBKR90E
01HD791GAYN8TC8M526Z69E6M4,Credit Card,619,2023-03-15 06:51:38,56-779-7461,01HD76C9DGP10QS6G2E4AYK3QG
01HD791GB0D9NRPPEEWP5KJV2Y,Credit Card,1105,2023-05-17 12:11:55,90-424-7054,01HD76CAF8GTZ2HQP0EXQ5562B
01HD791GB2P82ADQKWDV044N4E,Credit Card,302,2023-05-31 10:24:44,56-474-9200,01HD76CA3JGMD5R1VMKABPPQVQ
01HD791GB4NCKG4K87ZBAK3JTA,Cash,926,2023-05-10 05:40:11,11-115-0123,01HD76C9D0RYF3ABSHPEZS9W74
01HD791GB5G9CEZWJ2QEB0ZX3C,Cash,293,2023-05-31 22:50:58,44-864-8602,01HD76CA1CVB0DXVACRKMAWKJM
01HD791GB7DQ4FFB5452NPRSKW,Credit Card,385,2023-10-17 19:37:19,66-344-2582,01HD76C9Z9KTZ7DGFSMDP3EQS1
01HD791GB8GA9907NG7WZHKASP,PayPal,1333,2023-02-05 14:36:42,60-247-9882,01HD76CA99ZMRCDST6CEQF5E9Z
01HD791GB9QJ6W9EDPGPS8SJZ0,PayPal,1379,2023-01-08 13:25:18,98-676-2359,01HD76C9F3D51BEG890CJA53QF
01HD791GBAWGFFQNC4PEFYAAD6,Credit Card,1417,2023-02-08 18:40:14,13-718-9661,01HD76C9WGRAQZ5AV0ADJZ517W
01HD791GBA6N3CEHM2JWY0F6VG,Cash,330,2022-12-12 00:44:57,38-785-2020,01HD76C9GSFCCJ7MJWTZD0GT5M
01HD791GBB2EXZ18Z2K8FMKNP6,Credit Card,1685,2023-09-09 14:22:03,49-561-6334,01HD76C8XZGSGWGE8HBJPSP6D4
01HD791GBCMCNWHN8Q9CJTQ9XW,Cash,662,2023-08-25 15:38:47,08-014-7618,01HD76C9DA2W0FFAQNPXPNQFP5
01HD791GBD03BPMMF6KACV4AP5,Cash,334,2022-11-11 01:28:33,45-475-1332,01HD76CA7Y6DM2ABKJDCA0RBVB
01HD791GBEVEHW1JNBEM2B319Y,Credit Card,786,2023-03-21 06:17:34,95-755-3753,01HD76CA83EPPX5F5RYJE51XER
01HD791GBFYT09R3BV9FMJENEZ,Credit Card,155,2023-10-17 08:28:46,89-765-9334,01HD76CA8VYD1AWSNFQZQKYGG4
01HD791GBHNMZ90MAQRYSNDTCR,Cash,1631,2022-11-12 19:04:03,99-778-1244,01HD76C9B9R7BMNPJ6XJ7YH97M
01HD791GBJXH3APKA2TM56J5GX,PayPal,917,2023-09-08 00:50:03,20-384-8783,01HD76C91T68NXAXNGWV5KYRVR
01HD791GBM7ADNT3YDXBXEEWBA,PayPal,644,2023-07-07 04:39:30,03-618-3741,01HD76C93HB2QRVM9YYXVGN97S
01HD791GBN0JXBYKN5ECDTBWJQ,PayPal,738,2023-04-20 04:29:31,59-420-6347,01HD76CA4BY88K1C3ZETM8RGEB
01HD791GBPRHQZJBFYCHNQ43CD,Credit Card,1842,2023-03-24 00:23:35,87-515-8009,01HD76CA1CVB0DXVACRKMAWKJM
01HD791GBP061E261W0VE34XHB,Credit Card,1882,2023-03-30 05:37:08,47-839-4504,01HD76CA76P4QDC60HF2BES3DZ
01HD791GBQYDYPQ2FS0X5X81RY,PayPal,1649,2022-12-22 17:49:06,53-502-8962,01HD76C9X77M1FVJHWTHQHFMAK
01HD791GBRHW2VHVKK9A9J45YR,Cash,463,2023-09-16 16:38:25,95-283-1007,01HD76C996TXHR59Z4N16SY1AZ
01HD791GBSQNHZF7VTPW1JQQT9,Cash,1997,2023-06-10 02:10:30,14-413-0966,01HD76C9WYW0FQJY0V1H1C6Z0X
01HD791GBS4E296BGBS98BSFHV,Cash,743,2023-06-07 04:04:46,04-574-3556,01HD76C9B9R7BMNPJ6XJ7YH97M
01HD791GBTD78JK4GWDX5YVV1Q,Cash,638,2022-11-27 10:05:38,49-462-0034,01HD76CAB9FGC97234RVBAFVAM
01HD791GBVF4TYAJBBHAFF1TE8,Cash,1878,2023-05-30 10:07:15,19-470-1344,01HD76CA95YEXR2KQA5ADSEX4G
01HD791GBW2F1VTK9FJNT0AFWZ,PayPal,532,2023-03-25 22:58:18,53-583-5404,01HD76C90W14P23GE0H22EQXSZ
01HD791GBXDDQ6KQZ8C7D5S2GY,Credit Card,1530,2023-05-05 10:08:08,56-294-6873,01HD76C97127FAMXHTWH1SDPHJ
01HD791GBXWNBK5CHCK2RGP468,PayPal,801,2023-06-12 22:04:37,70-451-8375,01HD76C98MGSCJG2Y22ECWD6RN
01HD791GBYDGT5105Z4HTRHBFQ,Credit Card,1034,2023-06-07 10:34:01,95-574-0521,01HD76CA6RCSMMN79A34SEC51X
01HD791GBZ1MHA3967AV7VFXYP,Credit Card,1843,2022-12-17 11:41:20,90-658-0041,01HD76C96500F4XE7ZBJVHNXAT
01HD791GC0Z5NC9PW87M5C8MZS,Cash,490,2022-11-02 01:20:40,55-143-8887,01HD76C9ZQS48CFXW6FK9VB8TN
01HD791GC21EBNHA6SWXFH8RKK,PayPal,1396,2022-12-02 15:55:20,43-229-0203,01HD76C9GW6DEVYQFQRS07QGJ9
01HD791GC3NY58B6Q3GPYJKXZ7,PayPal,664,2022-11-12 19:44:22,02-048-5440,01HD76C90QXNWBKT7ATJFA38E3
01HD791GC5WHQ84PFPKZE4MNK8,PayPal,220,2022-11-24 02:38:12,19-670-3854,01HD76C9CX918PSK5FQSQDH2JA
01HD791GC6Y71S7YT20A7Z6WSA,Cash,963,2023-02-05 08:37:24,23-652-1744,01HD76C9T5BBWKFVAZXWC35VC0
01HD791GC79H2NKHQ5MC28FPZ9,Credit Card,903,2023-02-01 01:03:01,28-853-5270,01HD76CA711WMW3GY8DPGD2TSH
01HD791GC744CCZW8Y1MX2ZFAD,Cash,1920,2023-02-05 22:23:38,86-621-1413,01HD76C93B5K48F1PV05Q4QJXP
01HD791GC93Q40ZRXNPHDEDR9V,PayPal,1789,2023-01-17 16:57:24,19-455-8723,01HD76C92F2S4FF9432M3MBJDQ
01HD791GCA4Q524YT9NNRQ6QWA,Cash,770,2023-07-09 02:07:15,13-870-3629,01HD76C9KY41V3PC809YBKR90E
01HD791GCC85DS36W4NVKKW2WR,PayPal,1522,2023-04-26 21:08:55,00-215-3383,01HD76C9NY8GPVTZH0RWEX9Z3J
01HD791GCD5P2B4WMKAZH76CQN,PayPal,1675,2023-01-21 07:24:53,48-673-3978,01HD76CA4TYNJ9DD1R8BX2A6X4
01HD791GCEK0PBJSADT0PBRMP5,PayPal,607,2023-09-05 05:13:14,35-144-2185,01HD76CAFSMFC5G378PN72008C
01HD791GCE50AJPFNMVNRTVAXP,Credit Card,474,2022-12-20 08:15:12,45-956-4139,01HD76CA9J4B8H3WJEJG10PHXD
01HD791GCFWYSW69Y1YMT8AN6Y,Cash,1609,2023-06-18 07:28:51,59-936-7527,01HD76CA0C9QZW4ENF6D8K2PEF
01HD791GCGR9PGSKYEJ4K8ZAMR,Cash,102,2023-02-06 12:05:16,15-817-8701,01HD76C9TVEM9F3VY1F7K10582
01HD791GCHNVGSTS38M11M9SB4,Credit Card,1172,2023-06-27 15:24:04,58-732-2989,01HD76C8Y6ADYR09M7KZ2ZZEA2
01HD791GCJ99A79PYK11GNNVD9,PayPal,970,2023-07-03 17:37:48,91-577-4615,01HD76CAEJHNZZRF73SH1BCJC4
01HD791GCKDRY45YQWRAAJ3PRG,Cash,1450,2023-04-05 03:45:45,96-896-1352,01HD76CA42NEPGCS9YFV8SPT60
01HD791GCKFKD3WSXZQ78Q4P93,PayPal,1358,2022-12-21 02:36:40,64-663-5834,01HD76C9CFMTR0KX7VB59W32PA
01HD791GCMZ26KPT4HJFM4E72J,Cash,583,2023-09-17 18:10:12,37-575-0819,01HD76C98Z18T38MF9PJ2H6RJ3
01HD791GCNQCWF5PDRJVPKNHQ6,PayPal,112,2023-04-24 00:32:25,52-366-8716,01HD76C9XTQA71SPCT9CK7YB3R
01HD791GCPN21MZTWK0P6NTYXK,Credit Card,1577,2023-08-30 17:29:20,83-316-0161,01HD76C9X2V5WVXPPZ806XXZ5D
01HD791GCPQTXJ9XHR3YP3AE0S,Credit Card,534,2022-11-09 03:52:12,14-449-1406,01HD76C98Z18T38MF9PJ2H6RJ3
01HD791GCQ1KG6SP21G6QYYRYE,Cash,1042,2023-07-23 03:54:04,72-269-5198,01HD76CA9MXTEVNVPCQ8PVG6C4
01HD791GCRRABK8M418XDVBXRA,Cash,527,2023-06-01 09:43:37,05-118-6166,01HD76C95F391Q8X9P8Z6WQZCQ
01HD791GCSW8WE13ZVAEFXQMP5,Credit Card,351,2023-03-07 21:32:49,19-920-2006,01HD76CA4W6ND67SCX1DSQ7ABX
01HD791GCT760M041CK9BMZQV5,PayPal,573,2023-03-02 22:22:53,84-485-1706,01HD76CA9EVN22EXCZ85T0V995
01HD791GCT0J36T218CR8JGDMJ,Credit Card,1460,2023-06-18 18:03:44,79-958-4091,01HD76C94NFRMT7MF7W7TZ4YGA
01HD791GCV64B45ARNDF7V7Z5Q,Credit Card,567,2023-05-03 23:22:32,20-231-5797,01HD76CA89YKR1E6RD83N00AHP
01HD791GCW43DDPE5SQ13H1ME8,Credit Card,530,2023-09-09 06:02:15,58-616-0629,01HD76CA3Y7ADKEB915V787R48
01HD791GCXH4X9E51VW0Z78EA0,PayPal,562,2023-09-02 11:34:04,41-123-1640,01HD76CAHB8V91H3VZEECS23PK
01HD791GCX73NJBVXWGR4P6AS1,Credit Card,1704,2023-09-01 14:37:00,23-369-0017,01HD76C9BFFZ536EWV6Q533823
01HD791GCY037XX8YGQ6MWAGRS,PayPal,1349,2023-02-25 14:34:08,35-951-1280,01HD76C9B8RD4VSKYSVZHYNJNK
01HD791GCZ3ACXBK7VRM83K07C,Credit Card,1670,2023-04-23 12:05:10,87-645-3048,01HD76C92X2ZWRAZ4QFQCV0JVH
01HD791GD03K563G9P67CRM5H0,PayPal,1492,2023-01-18 14:52:23,44-925-4568,01HD76C9YFG9Y9SBR6GZR4H3M4
01HD791GD1B3N9V6D7J5NDJ22S,Credit Card,660,2023-01-29 00:29:02,25-730-4169,01HD76C9GEFYHASX6VFMH9NMTX
01HD791GD2DWRX1VMHRNQN2SF0,PayPal,144,2023-06-03 05:47:08,57-653-9210,01HD76C99Q298HH72Y6PYRA0V3
01HD791GD3EBN0XJNAF62RQ442,PayPal,595,2023-01-08 21:37:33,98-911-9022,01HD76C934R106E9SESBDNGG7G
01HD791GD30ST90A2D5CVDM5AQ,Cash,155,2023-05-24 16:43:47,75-889-9668,01HD76CA6GVQY2DNZBGF9H1DV0
01HD791GD4Y5N1CZEXB6ZEBGF3,Cash,878,2022-11-24 03:59:00,14-004-5881,01HD76C9SXRAA43BCM51JJX2X0
01HD791GD5Q2JKYGDVPTFEAG3R,PayPal,443,2023-03-22 10:37:11,12-902-8760,01HD76C90GDCXFR0V0Y279J64Z
01HD791GD6GP3C47HGBGGYP2QK,Credit Card,1980,2023-01-30 08:33:46,98-681-3223,01HD76C9VFP9YC8QHVFQG25KV5
01HD791GD72H0T95DBDMW85D9Y,PayPal,168,2023-02-19 09:14:37,10-006-4655,01HD76CAAZ3NXPS1CPXXWKMW22
01HD791GD8GS8FWBESRF5HKKR0,Cash,885,2022-10-22 10:42:07,05-762-8911,01HD76C9HRB7EB53NGW7GPYKEW
01HD791GD8DHQ3X32ZR7AQHV1E,Cash,901,2023-09-27 09:22:36,83-238-5586,01HD76C9SNKF2ATNEA2ZAQ2167
01HD791GD9VHB54H4GF370AM4H,Cash,1713,2023-02-07 18:24:18,40-601-7768,01HD76C9Z2MPSD2BP4Z25RENKD
01HD791GDASXJ18P6CVNFS42J3,PayPal,1284,2023-09-29 20:29:15,68-326-5804,01HD76C9Z2MPSD2BP4Z25RENKD
01HD791GDBYFR46CGCZHV23AGF,Cash,1978,2023-07-10 15:03:00,24-830-3592,01HD76CADFSQXBDBXRG91WAZNV
01HD791GDC96PWN1VFSRZF35N6,Cash,1709,2023-05-02 06:13:41,05-654-4613,01HD76C9YZ788V91VT2C56DTB1
01HD791GDDCR53X663RS91YP94,Credit Card,1894,2023-04-24 13:16:02,14-692-9349,01HD76C9XJPTNVMEH160763HVW
01HD791GDEHDCJZ5RTGF429KA2,Cash,371,2023-02-02 21:13:10,43-727-7739,01HD76CAH5PBT2ESPGQTYSQ6WS
01HD791GDEAFJJ131VS1RPA3SS,PayPal,851,2023-06-11 01:33:03,08-759-3968,01HD76CAB6EBX6F09FMJK04038
01HD791GDF13ZZWBX3H8X4XJYC,PayPal,943,2023-10-16 17:18:12,45-014-3053,01HD76C9GH3ZZMVZJRXPARC4T9
01HD791GDGG9EWN0GM69HTMZ69,Credit Card,1515,2023-04-23 17:02:34,79-086-0268,01HD76C97NPM4N57ZK52BHEFQC
01HD791GDHTZJ6BP2ZAWXC0TVN,Credit Card,455,2023-04-19 23:38:33,53-016-6972,01HD76C9KE0EXCPGMDRA9WXVR3
01HD791GDJ5HF2QV8BQRGB07SS,PayPal,982,2023-08-26 09:53:49,48-007-0485,01HD76CAH70098T45C6YWPX0YX
01HD791GDJVG998TJ8S85QMS51,Cash,101,2023-10-12 22:38:05,92-244-0534,01HD76C9Q0AY1HFWW65ZXT40PA
01HD791GDKAJ61DZ8VFABT42RJ,Credit Card,1892,2023-06-10 23:45:10,08-508-9737,01HD76CAFQ4VGG3CKC4YBYWKZ3
01HD791GDMM2PESEH5XBSNP7WA,PayPal,1939,2023-05-05 01:09:28,51-392-2602,01HD76CABDSKJWQ6K6C8J9GTTB
01HD791GDM69X1A0VNTGE67H08,Credit Card,961,2023-03-11 14:00:01,82-898-2166,01HD76C9QQ4HMWZ8J7PYPC76E3
01HD791GDNF7846PFHP23SCMHW,Credit Card,1428,2023-04-21 18:44:46,32-993-2771,01HD76CA03NQZKYW5RHR4W6CJ5
01HD791GDP58H8FJK8F8YP3JF3,PayPal,1062,2022-10-30 10:28:13,48-687-3125,01HD76CAA2KPXWH8N7CKPK7R67
01HD791GDQPNNE6S8Q7JNC9Z97,PayPal,882,2023-07-30 14:50:18,51-599-7189,01HD76CA8504KQCTM02DP79AEJ
01HD791GDRGA81F64WTFW2DQKQ,Cash,403,2023-05-07 16:30:43,66-490-0693,01HD76C92X2ZWRAZ4QFQCV0JVH
01HD791GDSDHCZ94ZN62DQZGXB,Cash,576,2023-09-04 00:46:46,06-318-5521,01HD76C9BB6GWZA8VR3PXPJP6C
01HD791GDT03887PY9GDY09RGD,Credit Card,1458,2023-09-17 16:01:20,39-089-6148,01HD76C9NSC4YC3TTABAZ7BR76
01HD791GDVQEYHJGWXAX5706YE,PayPal,1137,2023-05-06 08:22:13,46-554-2225,01HD76CAF2DETG5ZATBBXXX48Q
01HD791GDX0FTP4CDKZ7DP1F1E,PayPal,351,2023-07-01 05:43:05,84-848-1658,01HD76C97JY2244ZYMWYV3VHG2
01HD791GDYCJRACYKE0672WJ2K,PayPal,1358,2023-07-25 11:05:30,29-425-1741,01HD76C9Q4A9AE7CPX2HDVK465
01HD791GDZ98EZ4AQ4CG07HFWT,Cash,1766,2023-07-09 16:39:52,07-630-6280,01HD76C9JA9Y4EK3DEPHG3SSB5
01HD791GE06V67AZH366BH0THZ,Credit Card,455,2023-02-17 04:24:24,39-323-9462,01HD76CAHXRTM0W91SV4VZQC7J
01HD791GE1MR4NN758CJ0CNY8G,Credit Card,1104,2023-02-28 13:19:25,04-012-5215,01HD76CADRFCTCDNM16TBVVP9X
01HD791GE1RGHTQC69GWAMJ9QJ,Credit Card,1481,2023-05-15 19:18:21,72-526-2122,01HD76C9F5GXZTPBPQC8XBHWT0
01HD791GE2ZK1XZX2203N1756D,Cash,415,2023-05-01 12:53:46,12-676-6654,01HD76C90W14P23GE0H22EQXSZ
01HD791GE33XQ1PVAR5PKKKMPN,Credit Card,1776,2023-03-09 12:34:03,30-910-4673,01HD76C9VHMCRSE0AXF39V0EVC
01HD791GE568CN1ZAD5V0XEVH5,PayPal,1596,2023-06-12 23:17:07,93-874-0231,01HD76C9JA9Y4EK3DEPHG3SSB5
01HD791GE6AWG0F2S4X101BJ69,PayPal,315,2023-04-25 17:50:40,57-608-8706,01HD76C9REMMDPB26TQX1VAB88
01HD791GE7YNNMMVH56GTXAD6V,Cash,1521,2023-03-17 19:01:37,76-110-9956,01HD76C9XE3J2SQH76NQ32WQ22
01HD791GE71TFTCB015Z23YX4V,Credit Card,1815,2023-03-13 13:14:11,21-357-5031,01HD76CA8BRR4J5T2BKB4V5VKT
01HD791GE8N092258BRH9R5PG9,PayPal,557,2023-04-13 15:01:13,58-689-1328,01HD76C9MZEDX35K2ZA3QSXZJ0
01HD791GEAPXHE0ZDW74HZY5R7,Cash,435,2023-05-29 20:44:49,85-294-0203,01HD76C9RC4XZ0ZFVEGKD6RRJ7
01HD791GEB6J3S4EQK3S78XJ6C,Cash,674,2023-04-29 03:28:43,28-925-4561,01HD76C97S98CXQC75MRKXFVD2
01HD791GEBMETVBYPEKKXQXD7K,Credit Card,1885,2022-10-23 11:16:10,69-976-1125,01HD76C9A433K7JM1SZQF9PQTN
01HD791GECQBWFQNZ426DZQ7VV,Cash,1592,2023-09-03 21:59:53,53-293-9694,01HD76CAHFWX0DQQ558W4D7RWS
01HD791GEDW6PC4DEYEJB1DRS2,Credit Card,240,2023-02-06 13:49:13,18-725-7330,01HD76C90TQ4KR17SZDK9Z0KCV
01HD791GEENGSBRBWCAAK4ZQVH,Credit Card,920,2023-02-22 13:06:07,38-118-1691,01HD76CA7CCABQNPEDMFC38ZVS
01HD791GEFJMPBPJ63PDG6C91D,Credit Card,975,2023-04-07 01:30:50,03-374-6495,01HD76CA0TMC7SWQGY34Z8N1HJ
01HD791GEHYQFEWD8TX8V30YKY,PayPal,1185,2023-01-27 05:48:50,17-879-4606,01HD76C9N2H248H3R3WSZY2G78
01HD791GEKSG7CHZ4BJV9R51BJ,Credit Card,837,2022-11-16 19:39:31,16-046-5792,01HD76C9XPJQ557SV4X9GSD3F1
01HD791GEN8NVGHB42MTMPZFX6,Cash,1479,2023-02-21 14:54:56,52-079-4738,01HD76CAC67V51AJRGQY44ZPYK
01HD791GEPG6YQ1WJ4EV3NQGKQ,Credit Card,1086,2022-10-24 05:22:07,15-057-5572,01HD76CA0NPFQG97AH1V373E2A
01HD791GEQPYMAT37KXBNDSH18,PayPal,1495,2023-01-15 17:58:39,87-548-0805,01HD76C9GW6DEVYQFQRS07QGJ9
01HD791GER82CQGHHH8V6CD6VW,Credit Card,457,2023-03-28 08:02:28,45-621-2214,01HD76C9CY9AEH99Q8C3ZJZ4WA
01HD791GERMZBM0BRD3K6766A5,Cash,1559,2023-09-23 19:41:22,20-136-5480,01HD76C9W15DH3Q72NVP5W6M9Y
01HD791GES1M94X7HEFT0DBCK3,Cash,200,2023-02-08 14:38:27,23-377-7748,01HD76C9VJ9Z1TGDQDWE30ABCN
01HD791GETH29PQKDKT11E2C7W,Cash,807,2023-08-12 14:41:49,18-573-7594,01HD76C91B59H77S61EAWPF0NJ
01HD791GEVWVH38YTV5QE7433H,Credit Card,728,2023-02-24 08:16:23,63-538-1985,01HD76C9SM24EVAZ9YCDFM3V5F
01HD791GEXWC7Q244WAPB0SEEW,Cash,1714,2023-03-31 20:14:13,93-563-5780,01HD76C9HP8D5FWQAXWXJ58V20
01HD791GEXP8VVADV2RC11AZ47,Credit Card,852,2023-02-04 20:12:27,88-353-0526,01HD76C91Y06BC2YSC98CEH8Y3
01HD791GEY06T0ZH3XBG5RWGTC,Credit Card,495,2023-03-11 10:28:07,56-874-6134,01HD76C8YEWMM25FG2STF5WH1C
01HD791GEZ0NN160WW5PG4T8SN,Cash,405,2023-07-23 12:25:20,35-156-3763,01HD76CAB2S19727T07ADQQGR1
01HD791GF0Y5YB9CCMCT4HSNWE,Credit Card,363,2023-06-05 05:37:42,21-751-7241,01HD76CA6KZTT6R0F289YMWAQ9
01HD791GF1C5AZNN7ECMDJR216,PayPal,519,2023-04-09 23:08:02,74-437-3908,01HD76CAHB8V91H3VZEECS23PK
01HD791GF1C83AZTAY8DFXMV5R,Credit Card,1181,2023-06-16 19:36:43,82-369-8487,01HD76C9CP7MFBHM69N92B703D
01HD791GF2KR1Y6TD0569VX865,Cash,1577,2023-05-22 19:17:24,49-555-7978,01HD76C9864Y4FG8J3ZK9KRMPG
01HD791GF3PCCMCJQPJ9GC8TZ5,Credit Card,892,2023-10-16 14:12:13,90-583-7277,01HD76C8Y01GFJRF544HVTA4FE
01HD791GF33MRMVFMCDMH40WTX,Credit Card,547,2023-05-20 21:52:58,41-219-4095,01HD76C9B10JYE6QXZSKP0KPWA
01HD791GF4WT494H70W36F3SPA,Credit Card,1389,2022-11-12 19:03:09,38-162-4932,01HD76CA07DRVVHRRXTSP5HVWY
01HD791GF5YST87R7GQH38C5BD,PayPal,1013,2023-05-28 06:47:00,25-651-4747,01HD76C9ZW629MBCYSNANWK89X
01HD791GF6E48P1MC46E3QN1BM,Credit Card,1321,2023-07-20 07:59:05,76-094-1137,01HD76C9TXQZJBG1T24BZTFK3T
01HD791GF7440TB3BJ95RJZRGX,Cash,439,2022-11-29 04:41:03,28-249-8096,01HD76CAG37KPE130PQATR9T3Q
01HD791GF7MFR5MFEZ07ZXYJ1D,Credit Card,1968,2023-03-26 21:52:42,26-261-9847,01HD76C9NF0SBNJGJYKRZFG7Y5
01HD791GF8SXRH8QSF15Y6BXSQ,Cash,1612,2023-03-10 20:34:56,46-975-1536,01HD76CAFZA0AXM9STSPCHHFJZ
01HD791GF9DVP3FVE5YPCP8V16,PayPal,1854,2023-05-21 11:57:47,92-632-5860,01HD76CAG0RCCR7DAK35K7NE0G
01HD791GFA04ZKN22HKZAHCYD4,Cash,1074,2022-12-16 04:55:23,58-245-2559,01HD76CAEGKXDBN05VC9GKQX9X
01HD791GFAH1C996X3BJ0RANNC,Credit Card,1326,2022-11-19 19:44:31,91-501-5744,01HD76C9C063HTPDMHN3CM4T8V
01HD791GFBDAE4BH6TV4JXRP4H,PayPal,1023,2023-09-07 15:15:32,69-040-1134,01HD76CAA54J2HA7XMXM0YHVRQ
01HD791GFC6BVAHFJAT635H50S,Credit Card,1002,2022-11-06 10:21:23,54-740-3091,01HD76CACYFK15WG06TFW2MYXH
01HD791GFD44HDH69TTB10XDNG,PayPal,1956,2023-06-09 19:09:21,10-669-4411,01HD76CA90VDMW1TB1Q84P69DN
01HD791GFDE5ERE71BSXZZFW2F,Cash,725,2023-01-05 17:04:30,35-140-2314,01HD76C91JSEPHJPNJKWJ0BKAC
01HD791GFETZ4E8DBS3BCECCHB,Cash,664,2023-04-10 18:59:29,38-328-1480,01HD76C9Q0AY1HFWW65ZXT40PA
01HD791GFFW704JV20WY89M2F0,Credit Card,1279,2023-03-18 01:23:25,35-500-4677,01HD76CAGRYTKKXC9ZS26QYD6H
01HD791GFGVS8B6GXSYAVQHSJ2,Credit Card,1554,2022-12-13 23:25:18,55-592-5986,01HD76C9864Y4FG8J3ZK9KRMPG
01HD791GFH9X6RWDCZ7ARNMM0M,Cash,1301,2023-02-28 04:49:02,41-337-4807,01HD76C947XZ58JQ688N5BVGRH
01HD791GFJRSGEZCBGXP0FAWAK,Cash,1979,2023-04-28 09:25:27,01-425-7187,01HD76CAACD22QETBS3E16R8NH
01HD791GFJ8JC08CSJ05HSFKA8,PayPal,1828,2023-05-09 12:12:35,29-434-8514,01HD76C908BH8KNERBB7SF4B7T
01HD791GFKT6FWW5MWZK154B5G,Cash,1918,2023-03-31 15:40:08,06-332-5879,01HD76CA9FCZF7DCV5EDQH2EP1
01HD791GFMAVGJFHX2ZZNFY3E1,PayPal,1271,2023-05-21 10:49:05,32-338-6849,01HD76C9M8WX81B300HZXH8YND
01HD791GFNH90V9E1SXSKHBG67,Credit Card,1430,2023-01-12 04:54:39,53-120-0485,01HD76C9XJPTNVMEH160763HVW
01HD791GFPN1Z9FRDEYCJ042Y4,PayPal,1670,2023-10-13 02:03:43,97-807-1153,01HD76C92PH881R5SJZNQHHG22
01HD791GFQP2AEN6SXFJX4CPPH,Credit Card,1603,2022-11-06 21:58:14,19-816-0087,01HD76C92X2ZWRAZ4QFQCV0JVH
01HD791GFQM1HCCKN5H6NRJ7CK,PayPal,882,2023-06-17 07:55:47,38-875-4902,01HD76C9CY9AEH99Q8C3ZJZ4WA
01HD791GFRXKPNMCCKEVW3M7GW,PayPal,1532,2023-02-12 13:09:48,68-841-5972,01HD76C98F3E4ZFN8JEWFR5W6W
01HD791GFSP6R5NF15X4GN1N2A,PayPal,1656,2022-12-12 17:38:13,56-280-3301,01HD76CA9Q60763PEJPEWNAD34
01HD791GFT6YPYSYE85D8K38VB,PayPal,1978,2022-12-10 21:36:42,83-592-0462,01HD76CA6GVQY2DNZBGF9H1DV0
01HD791GFTTBXC1BPXZCQC975W,Cash,1838,2023-04-11 21:02:40,75-126-2315,01HD76CA8SZJZS943W4NTSGP4D
01HD791GFVTTXRCYJ6M7NRA61X,Cash,1853,2023-03-04 11:52:32,38-684-6424,01HD76C9WCHEE536G2T6S4FSGW
01HD791GFWK23ZVTRVB3Z2SE0X,PayPal,1097,2023-01-06 02:38:28,36-211-2563,01HD76CA8Y6042TV2Z2BT00CP3
01HD791GFXQFH8RYS9G7X1Z3AZ,Credit Card,1891,2023-04-11 19:11:30,13-012-8396,01HD76C9B8RD4VSKYSVZHYNJNK
01HD791GFYBKKFJNH0HV3WGT69,Credit Card,1974,2023-03-03 02:26:26,65-447-9154,01HD76CA5JA62V339G57HRHC81
01HD791GFYBTZ69Y68T929FMGQ,Credit Card,1049,2023-02-25 19:22:07,93-596-2233,01HD76C9FS9DSVV5PS0W75C6V0
01HD791GFZ7B0M1V4E5M5JA45R,Cash,1280,2023-04-03 03:57:05,02-189-7988,01HD76C8YKD00YSJ91E4PBZC6X
01HD791GG0VGZ3GP8HJZXQSFH1,PayPal,295,2022-10-24 09:41:54,58-731-1944,01HD76CA57QJ2ZH1M1MNCNTD7B
01HD791GG1J2GEP99TS3F40Z6G,Credit Card,271,2023-03-22 19:24:00,56-308-8878,01HD76C9BXS6N3MGB2MSBF7AX0
01HD791GG1CB25QHWZES7CM37B,PayPal,785,2023-01-25 20:30:17,63-092-5729,01HD76C944FQ0HVMREQ7JZ7Q7V
01HD791GG2M4AGSPP0Y6J28DKT,PayPal,1231,2023-10-07 07:51:25,28-293-2326,01HD76C922WKH3FB58FHZSK3MJ
01HD791GG3K9AW2X79VRHX2ZA0,Credit Card,1262,2023-01-17 03:17:59,00-867-8155,01HD76C9Y0QWVEKZB8A23F9NC6
01HD791GG4X21BCZN39GG32XYA,Credit Card,1548,2022-12-23 08:56:51,48-379-4259,01HD76CADFSQXBDBXRG91WAZNV
01HD791GG531NNDDBA51GF17RM,Cash,906,2023-09-15 02:37:23,71-352-5172,01HD76C9CC0YVQ70Q7RHJ8G5K3
01HD791GG5Z6J8D6T46MV735D1,Credit Card,582,2023-05-22 00:35:17,53-848-0593,01HD76CACHMH7KAR1D8B4H4T1G
01HD791GG6MMF96PA28HRVCS8Q,Cash,1337,2023-03-01 12:35:33,90-197-5865,01HD76C90ZAGEQP9CC1BE2WY7H
01HD791GG7VB177TTYR3GD5BHT,Cash,210,2022-12-20 17:24:27,99-920-8143,01HD76C932VC1QEGKJA4CMQTTT
01HD791GG8RVXD8KTJ6NG6J6TD,Credit Card,1816,2023-08-28 01:34:21,67-585-2892,01HD76C97E68YPHVQQKYFF5V48
01HD791GG9DZ53F3Q82ZP3369T,Cash,380,2022-11-13 07:21:23,15-280-5927,01HD76C93PMSM0ZNJ22R8FWFSR
01HD791GG9MCX79RE3KPZP2FMD,Credit Card,715,2023-03-06 14:37:39,85-580-0785,01HD76CAD3YPGC7AJ132YB6T4Y
01HD791GGAXZCB27DV0C9JDR3E,Credit Card,1933,2022-11-15 21:53:17,84-953-8670,01HD76C9Q7JNNCEKZXPB938AD1
01HD791GGBDQ9XV68CXQQ9X4JJ,PayPal,392,2022-10-26 21:01:35,64-699-2906,01HD76CA54G14C9GFV3E9HZWPH
01HD791GGBF5RJ72NK2BX2WK26,Cash,683,2023-10-09 04:56:13,64-380-9629,01HD76C97YRGT9RBG351M4ZD2Z
01HD791GGCG77GR2V838VENG8X,Credit Card,929,2023-07-20 17:59:04,60-019-2358,01HD76CAE3JRYZ0Y3CYJTAT21H
01HD791GGD2BVW8EMHRJ7VJHV8,Cash,735,2023-07-18 13:13:28,88-752-2056,01HD76C9MB4S74HNDSMVXREC5D
01HD791GGECCFWB9FB7ZV3S7KE,Cash,735,2022-11-18 14:31:26,60-284-6060,01HD76C9KY41V3PC809YBKR90E
01HD791GGE53CW3JXK5N8ZC41K,Cash,146,2023-10-09 02:05:16,10-194-5158,01HD76C9VCWY1CBXBF6AN5VDA5
01HD791GGF8S4735ZXWAM0FFMA,Credit Card,1507,2023-05-23 16:04:44,81-350-3787,01HD76CA8BRR4J5T2BKB4V5VKT
01HD791GGPBQBACP9VVN8CSZPV,Credit Card,1444,2023-07-06 20:52:32,89-841-0215,01HD76C9E3HT6AN5D3RMA3S5JY
01HD791GGP8Z5CGBMGA5CY9QWE,Cash,1903,2023-06-05 15:26:03,02-529-0513,01HD76CA4QC8PX5QBPVAB797Z7
01HD791GGQXQXCC4C871DSQS8W,Cash,1075,2023-06-18 20:05:14,81-802-9847,01HD76C9CEPS0RPXY9CV3XGE7W
01HD791GGR5B38KW3FPSZXRJBR,PayPal,544,2023-10-11 07:24:01,75-163-5629,01HD76CA3PA863N1972JBKYZ3R
01HD791GGSP5EJQXWX83X7NDVQ,PayPal,386,2022-12-21 17:39:37,49-864-6843,01HD76C91XB6VW03ADZ3F1FGY9
01HD791GGSJ2F8918Y7E605JDW,PayPal,1187,2023-03-22 03:41:20,51-482-1037,01HD76C8Z574Z43S43HH852BRK
01HD791GGT8X6GF6XYVQ0ZKS6T,Credit Card,538,2023-10-08 09:17:15,95-260-8183,01HD76CA3Y7ADKEB915V787R48
01HD791GGVD6GJB46AWE493TYP,PayPal,1393,2023-08-31 19:05:48,42-196-6645,01HD76CA3Y7ADKEB915V787R48
01HD791GGWWF1412341DA74J3Y,PayPal,1983,2023-04-18 20:26:50,30-579-4336,01HD76C8YMQBZNRJE8C830SXY3
01HD791GGX43YQ3B6BDPWJP9MB,Cash,1734,2023-10-16 18:20:24,75-447-5246,01HD76C9CABC1NGM94VG0KC7V2
01HD791GGXYFDM3T4A2290VBR1,Credit Card,1897,2023-01-31 19:53:17,16-521-4568,01HD76C9XYYDJJ7B06WAQ2AEWH
01HD791GGYHH0HN49XYHF3AQH1,PayPal,1096,2023-06-03 06:26:48,57-050-0851,01HD76CAHXRTM0W91SV4VZQC7J
01HD791GGZ54RAFJYJAAYHAEJ4,Cash,1005,2023-04-29 01:20:57,39-988-4542,01HD76C9M31MXVQ6MC2K5VYWVR
01HD791GGZH5Y4PE43VVVH3KCH,PayPal,1802,2023-08-14 15:10:09,85-663-1819,01HD76CACHMH7KAR1D8B4H4T1G
01HD791GH1A2YTG5YKNAD7JADM,Credit Card,305,2023-01-15 06:07:57,38-729-7029,01HD76C8Z3Q17B7TQCJVEW82T0
01HD791GH18DRBQDDABP9TQGAB,Cash,655,2023-08-23 04:28:20,93-365-1155,01HD76CA97MNFCJ3N3M3YXYA97
01HD791GH20EMKSGD46N4QB9B0,PayPal,1153,2023-08-22 15:12:40,01-308-6011,01HD76C9PAT2ZA289VGVS29TWX
01HD791GH42BRWH99DRSN4WPHR,PayPal,1471,2022-12-20 04:26:21,34-740-8413,01HD76CA63EMKWD118MKBNN9GR
01HD791GH6BHTRDPRXC200E9KK,PayPal,612,2023-09-14 01:53:35,91-423-3306,01HD76C8YWSD5HTDM7CGZCC7Y0
01HD791GH8H8QMHYX97BGHK2HS,Cash,418,2023-04-20 18:18:28,02-740-3129,01HD76C9QM8S3KPK6JFNKE6Z8P
01HD791GH9N0ESNS3KCJ89PQGM,Cash,1480,2023-08-14 18:43:20,05-112-0655,01HD76C90QXNWBKT7ATJFA38E3
01HD791GHBBFQ3E6DHRZCWTDD5,Cash,1016,2022-12-03 14:39:55,64-208-0567,01HD76C9D0RYF3ABSHPEZS9W74
01HD791GHD9NPSYPFSKM7AE3TZ,Cash,557,2023-01-30 07:48:15,10-737-0193,01HD76C99ZYQRHXSPQTKKPP9H8
01HD791GHFKF3TEXPNZ46C4YRP,Credit Card,1140,2023-05-17 21:23:45,20-185-7020,01HD76CAF5A828JBTCFT5FMR3V
01HD791GHG64RM8MZXG4TYZJ1V,PayPal,1194,2023-01-18 22:42:03,58-264-6704,01HD76C9N1JGWCCNXGTM7SXXVQ
01HD791GHJVC6YFC0WAAT94ARE,PayPal,615,2023-02-28 11:05:43,33-197-7136,01HD76CA5YJKV8YSTMC5D45FS0
01HD791GHMZRKBZPAW0DC266JT,Credit Card,1705,2022-11-10 23:06:02,86-211-7949,01HD76CA721DF89SZ6XYXE2KV5
01HD791GHP4NQCQ7P1Z9EX5MZ1,Cash,505,2022-12-27 20:16:46,82-945-6894,01HD76C9XE3J2SQH76NQ32WQ22
01HD791GHRHRJ8B33KS9T2J4SC,Cash,959,2023-05-02 05:12:53,11-327-5989,01HD76C979251VXAQPXT7757A4
01HD791GHT5Q5YRQJRHFZ9D4C3,Cash,1804,2023-08-17 03:36:43,10-638-3265,01HD76CAHM48DHS23Y3A6FK01D
01HD791GHVC2SW9EKGBGVH24XF,PayPal,887,2023-06-01 02:41:45,85-340-5013,01HD76C9RMTSS7M6P4SZ7JWM0P
01HD791GHX1Y0M82XKZXE3VPZD,Credit Card,658,2023-04-05 19:51:20,22-648-2560,01HD76C9N7X21J2DZQ188H6S7F
01HD791GHZ9TJYT1P48CJ1H31B,Cash,1080,2023-07-17 11:00:18,42-942-6729,01HD76C9M94GS31EFTXEDXV274
01HD791GJ1T2S33JJK9WB99YG5,Credit Card,1318,2023-09-03 02:27:12,54-940-8932,01HD76C9VK8QKVBTM5Z2F18HFN
01HD791GJ1D6YHXN7NZV7Y0M1G,Cash,1286,2022-12-21 01:38:19,54-378-1366,01HD76C9FWPGY6SVPEGYV9N6JX
01HD791GJ2HV2J4YMG6XHAV4MR,PayPal,924,2023-02-15 09:09:20,85-458-9359,01HD76C9FXR69MWX8ZK507ZYHM
01HD791GJ303DXP13CP5C7CDJ7,Credit Card,1227,2023-01-15 22:06:17,82-420-9375,01HD76CA8SZJZS943W4NTSGP4D
01HD791GJ3VZ98G6H6HJVV350P,Credit Card,1640,2023-06-18 01:01:01,39-367-6695,01HD76C9HRB7EB53NGW7GPYKEW
01HD791GJ4925CQAS88GX941KM,Cash,382,2023-10-11 16:26:30,66-844-6237,01HD76CA1KFVV7J4JMX9N305DV
01HD791GJ5PXEP9E55N0PV0J5H,Credit Card,1950,2022-12-01 00:32:26,37-376-7552,01HD76C9B3AEXZSBXFKKHNR8Y0
01HD791GJ64YDENZXVBQSDFCWR,PayPal,1180,2022-12-05 12:49:57,69-888-8374,01HD76CAG0RCCR7DAK35K7NE0G
01HD791GJ6Q7CSCDBAV36PDX9Y,Credit Card,1580,2022-12-24 11:43:30,85-180-3616,01HD76C9W15DH3Q72NVP5W6M9Y
01HD791GJ7YMT9G0RBPDE5PH06,PayPal,775,2023-06-12 04:50:44,05-099-3939,01HD76C9SSTCKMVR1PBQBYANNX
01HD791GJ8T90TKTPDENETBCFF,Cash,1915,2023-01-23 04:21:53,92-527-8566,01HD76C94NFRMT7MF7W7TZ4YGA
01HD791GJ97VKBZED9PCDJ8A39,PayPal,1197,2023-03-31 22:40:20,57-701-3617,01HD76C98TANMG2VXN77EWZ5Q3
01HD791GJ9XDMR9DSKXFYV6D0Q,PayPal,859,2023-07-27 06:54:08,10-174-7765,01HD76C9SB8BFXX2Z0N3HCV3SC
01HD791GJAR5EBFHA8YA7ZQJ7M,Cash,1483,2023-09-10 10:51:10,70-631-0370,01HD76C9KCB4MSY7NFHNXZTC7Z
01HD791GJBRWPXFS8B08907KKT,Credit Card,1585,2023-04-11 20:06:13,83-919-2237,01HD76C9JHMCNHWPJAB7W9CFXY
01HD791GJBAKT8PTDXP9B46MC5,Cash,1457,2022-12-10 09:14:26,96-890-5983,01HD76CAFZA0AXM9STSPCHHFJZ
01HD791GJCR6KR4F0AXV0N07KJ,PayPal,1359,2023-09-25 04:05:10,97-045-6052,01HD76C9ATX0WJYT5G9SHGF4D8
01HD791GJD0GAE8BAKDVXT41MW,Credit Card,279,2022-11-04 05:06:19,35-984-3277,01HD76C9Y4WEDRWZJ07VTBFWK5
01HD791GJE3NZ0T6KSYD4PDV7P,PayPal,1062,2023-01-05 05:00:36,65-480-2488,01HD76CA6VZRDR22KE5HMBEHCD
01HD791GJEQX7R1MG0Z138TG7T,Cash,1387,2023-05-24 12:01:52,42-219-8405,01HD76C9MMRTWEMNWS5FADE5P0
01HD791GJF2MMKK44CCTD103Z9,PayPal,947,2023-03-08 17:14:38,81-371-3443,01HD76C9Y30C4JASF25PGN0Q2A
01HD791GJG65GM41VA4481B822,Cash,678,2023-08-01 00:13:01,99-316-8835,01HD76C9GNXGKX3F3A9MSJC889
01HD791GJHRDH1FKTF2RQ5DWPE,PayPal,1750,2023-09-08 10:01:30,46-736-1730,01HD76CABDSKJWQ6K6C8J9GTTB
01HD791GJHQ58711MR6HNJ9CSW,Cash,1027,2023-01-30 02:54:30,82-348-8527,01HD76CAH4R9SRAA8CBB6J1HCJ
01HD791GJJN38X44DCBN0VXPA9,Cash,1498,2023-07-10 04:49:12,13-191-2623,01HD76CACCSKVFHWWEH7F1TVD5
01HD791GJK80GPMBXWM4NFXQS3,PayPal,1388,2023-02-18 01:34:48,94-351-2516,01HD76C9MSDFENBY8MZ5F672K8
01HD791GJMFBX7HVJ8ZH25REWM,Credit Card,1823,2023-02-12 01:22:20,37-078-5791,01HD76C8ZNPZK916PR521E2JQH
01HD791GJM68YJ8A8GP298ZK06,Cash,1185,2023-04-27 21:50:04,73-150-6882,01HD76C9JM58KE0F148GXF1ZEN
01HD791GJN15TD8AY4GMD653E8,Credit Card,1253,2023-03-08 11:32:59,13-496-0817,01HD76C90ZAGEQP9CC1BE2WY7H
01HD791GJPA0EAPKQSPHHRMMXK,PayPal,1725,2023-07-28 04:46:14,55-645-7270,01HD76C9P5VX9TJCM3Y5JAZ3EZ
01HD791GJQTEEN6KNX0T58KKX7,Cash,1067,2023-10-08 19:04:43,48-794-6652,01HD76C9D1CMT1GP7CTRZZVFPD
01HD791GJRK67B1914KXCT10KK,Credit Card,114,2023-03-12 04:03:51,75-721-7975,01HD76C9HWHW9FJTCKEXHGY014
01HD791GJR7XTSQ490ACJJPP2S,Cash,104,2023-10-15 12:34:42,84-790-9374,01HD76CACKGM7TNTKTF40216PP
01HD791GJSX0T1JB8AM2N6Z4C7,PayPal,1106,2022-11-25 00:20:27,21-992-0486,01HD76C9BFFZ536EWV6Q533823
01HD791GJT5ZKRWT281Q1VKKS8,Credit Card,1251,2023-05-14 20:38:28,34-135-4206,01HD76C93K0C2WJP185EPNBGE6
01HD791GJT5A9VM80FK64R94QF,PayPal,488,2023-04-16 00:13:14,56-671-9304,01HD76C9MSDFENBY8MZ5F672K8
01HD791GJVJMPFGQ3GAZXSBFDT,Credit Card,392,2023-02-26 03:35:54,41-876-7985,01HD76C97E68YPHVQQKYFF5V48
01HD791GJWWH18SSXGW6WT1SX7,PayPal,672,2023-03-30 11:00:50,95-522-8855,01HD76C9N589FFJ0T0A9167VV5
01HD791GJXEE3H28K62EJAN4D0,Credit Card,1687,2023-02-17 14:14:40,88-036-1107,01HD76C99Q298HH72Y6PYRA0V3
01HD791GJXWCQWRRM8562DFJSP,PayPal,943,2022-12-13 23:04:46,51-156-5963,01HD76C9H3F18VMRG2R0XBQKQ6
01HD791GJYNXB127P6VZWPHCDM,PayPal,1102,2023-07-18 08:32:09,59-252-6557,01HD76C8Z8N9ZBSZFX3ZPWJZ2H
01HD791GJZTFRPDEXQ9QPFSCZW,Cash,656,2023-01-24 17:30:25,08-727-0479,01HD76C9KY41V3PC809YBKR90E
01HD791GK0EM3JM5678EHHRSJ4,PayPal,1026,2022-12-12 13:08:02,79-000-0124,01HD76CADW7599HX50XSHN5Y6D
01HD791GK0PMTE6ZYNGERTGPGT,Credit Card,528,2022-11-12 20:40:20,05-623-4531,01HD76C947XZ58JQ688N5BVGRH
01HD791GK15KSKQ0K88ZBMBF46,Cash,944,2022-12-22 19:34:04,59-754-2438,01HD76C9R4F4N36B2Y598KSBJ6
01HD791GK2RA56DYS325QA7RXN,PayPal,1902,2023-10-08 20:26:22,42-340-7534,01HD76CA54G14C9GFV3E9HZWPH
01HD791GK3THJ7MDE7XTE926Z9,Cash,112,2023-10-16 10:13:58,26-268-0159,01HD76C9C5GHE6B49GV2AHFZV2
01HD791GK3PVRDZXATPPP9YPF1,Credit Card,1795,2023-06-15 18:08:57,35-671-5959,01HD76CADH382ZXXP422ZGFBMY
01HD791GK486FVZQ6JFENS44FN,Credit Card,816,2023-03-26 01:47:17,84-747-1463,01HD76C9P2MNNYMT2HHCZM09WY
01HD791GK550J8C0MXW2NJ5W7X,Credit Card,1799,2023-07-05 00:11:00,10-479-0145,01HD76C9T5BBWKFVAZXWC35VC0
01HD791GK5XBP0SE41F5Y7DQWQ,Credit Card,108,2023-07-09 22:21:13,00-482-5825,01HD76C9VNNHX4996N5Q3HT3PM
01HD791GK6KCBE3NV46C60RZGP,PayPal,722,2023-08-06 02:27:14,27-275-6804,01HD76C9P430P0KF1M6YQGZ99D
01HD791GK7NHAY0DZ47C0BHEVZ,Cash,534,2023-01-29 07:18:39,57-289-1875,01HD76C9HS4GEV8JAQ0TEKCRKY
01HD791GK8JWNSCZAD44VRXCEJ,PayPal,1140,2022-10-23 09:45:20,59-255-0251,01HD76CA9Q60763PEJPEWNAD34
01HD791GK9FE8JE46Y79TM55DE,Cash,1523,2023-07-08 18:13:27,01-676-9708,01HD76C9D6YH39P058SQ2C39MX
01HD791GK9AXVESM3SXFPAXN8W,Credit Card,1553,2023-03-09 03:01:39,63-415-4627,01HD76C9Q8HFK5BZ03KEBRBFQM
01HD791GKA4MCPQJ35PDATT1SB,Credit Card,760,2023-03-11 01:52:10,69-992-7414,01HD76CA0TMC7SWQGY34Z8N1HJ
01HD791GKB4TEQG6562TPZZHRS,Cash,1400,2023-09-29 04:57:20,78-945-3619,01HD76C9SSTCKMVR1PBQBYANNX
01HD791GKBPQD2XT0ZNP6X45ME,Credit Card,710,2023-09-10 09:50:15,61-209-0141,01HD76C9864Y4FG8J3ZK9KRMPG
01HD791GKCS00MEYHW9D77QWBW,Cash,1099,2022-12-30 23:23:55,39-621-3783,01HD76C9F4YM7SGG0VWXQ0TT03
01HD791GKD7FRBTM0JEEC5847V,Credit Card,1432,2023-09-08 20:33:25,13-196-7133,01HD76C9PK09SFTAM6DKZ96JGX
01HD791GKEEHERRE31DXBFTPPC,Cash,432,2023-08-28 21:23:01,15-386-0656,01HD76CAHWEVZP3B6TV2R2QNKV
01HD791GKEYHRKCCMVCKJ4Q6R8,Credit Card,722,2023-03-31 14:06:53,22-545-7971,01HD76C9P6Z9W557E13JX17TME
01HD791GKF2HTAS5QA6DBYSQ9E,Cash,472,2023-07-25 03:09:17,83-440-4997,01HD76C9VTBQJ5118QRS5F39YN
01HD791GKGZQYCB09DWXH9ZFQJ,Credit Card,1810,2023-10-15 16:44:49,99-922-1528,01HD76CACZP2T20CDDZG9YTRDQ
01HD791GKHM7SSBVZGYTZ6TVD4,PayPal,914,2023-09-25 10:53:40,39-056-1451,01HD76CABEV3J6VK8TB40ACKYW
01HD791GKHHF5GGQQVDTN6VZR3,PayPal,768,2023-10-20 04:27:51,52-661-1150,01HD76CA63EMKWD118MKBNN9GR
01HD791GKJ4EC92WZ87NMAMTQ4,Credit Card,1537,2023-03-05 00:58:15,92-943-2986,01HD76C9TB1700CYEHXM0MK7PW
01HD791GKKGW45M4V9S0CH9CTA,PayPal,1788,2023-10-02 00:29:35,35-163-1924,01HD76C9JXSWQDTQVMFHSXFSZ4
01HD791GKKTZVBVTP71VAFBXTN,Cash,562,2022-12-10 22:03:23,33-993-0353,01HD76C9X5BWTZ3Q1FWSY44MBK
01HD791GKMAZAZCA23RB80TXYM,PayPal,196,2023-02-07 02:13:03,95-805-5320,01HD76CAE4HQX18GPMS9MS9R2R
01HD791GKN8RN4EWK5DNKMSGMJ,Cash,149,2023-06-30 11:45:23,79-695-8692,01HD76CAB5JHEWPA327Q5QBQF4
01HD791GKPENVCJDXN91NKSV94,Credit Card,121,2023-07-25 10:38:50,46-267-1421,01HD76CAAWQ1ABQPFPG6MX6W95
01HD791GKPRPA0NA8GFE7DQC1W,PayPal,942,2022-12-02 12:31:39,87-884-4470,01HD76C903N9DP72JAZ4DC6CBV
01HD791GKQ9HBPW9GPARP2WB5E,Cash,269,2023-03-04 16:13:04,82-181-4329,01HD76C9C1N7WS2D3AEMB5VWM3
01HD791GKR8WMM98PPJND0D7MG,Credit Card,829,2023-05-14 00:14:55,08-670-6911,01HD76CAHJGBTCC3915756TQEY
01HD791GKSGHE11YNAM5GX45SN,PayPal,1141,2023-03-23 13:28:19,82-191-6286,01HD76C980EZ4HK53QBVXM4XQG
01HD791GKS3T09YB988FV1BZFG,PayPal,1989,2023-05-15 02:24:03,20-182-6669,01HD76CA3PA863N1972JBKYZ3R
01HD791GKTKTW5YD5JZ2CT4469,Cash,1950,2023-02-12 20:24:49,56-685-0090,01HD76C9YZ788V91VT2C56DTB1
01HD791GKVZ4811T1K18AZSY5N,Cash,545,2023-09-26 06:34:59,20-438-8861,01HD76C9EAMPN18C0MRE5YD5W1
01HD791GKW5TVKSA44DZWWR88R,PayPal,698,2023-07-05 16:25:10,23-928-3161,01HD76CAE95V8YX1QYHV26HNV5
01HD791GKY7CK26K6WC3FDA2AW,PayPal,1338,2022-10-26 10:03:42,95-684-7073,01HD76C95VC3CAHMRHPM3N33J5
01HD791GKZXY9H0CEEC609MN6G,Cash,1054,2022-11-30 07:49:46,09-437-0478,01HD76CAGX5G2TWVWDMKWPBKC8
01HD791GM19MRJ79M596NV89XT,PayPal,473,2023-03-04 21:03:20,95-107-4954,01HD76CA5ZPBJZ1JJRNMZ81EGQ
01HD791GM1A0QXKD7AZKJNHKHW,Cash,415,2022-10-31 16:26:02,94-608-2736,01HD76CAA10A06DTNSZ48R87M7
01HD791GM2TARD4R59704TNG0F,Credit Card,1473,2023-04-30 18:49:59,74-155-1549,01HD76C97AZC2T1R1KRD0RZZ3D
01HD791GM3S0AH47P3TTNCXZZ5,PayPal,1589,2023-07-26 21:30:58,04-119-5848,01HD76C9YBR1M3WCYFHNMWTFY4
01HD791GM362FZQ8YDF0DBYD42,Credit Card,182,2023-08-10 02:06:37,62-366-6159,01HD76CAGKSD23WBQB144JEE70
01HD791GM4KXBN0XXY632MF2M4,Cash,787,2023-01-19 21:59:56,31-657-6405,01HD76CA5YJKV8YSTMC5D45FS0
01HD791GM5CSE47NQH4RPMT94X,Cash,904,2023-05-20 23:30:25,20-802-1644,01HD76C9GXHP2ECB60WWJM6YJS
01HD791GM6N9NF67HCAGYN1XAC,Credit Card,1257,2023-06-16 10:38:51,84-722-1459,01HD76C90N4KFBEV28M71FHQXS
01HD791GM78067YNKCMFGCVHZD,Cash,1720,2022-11-16 22:42:09,80-141-8743,01HD76CACVRNVXZDP3F725XCZV
01HD791GM7SNE9TGBRSJ4GD939,PayPal,1432,2023-02-16 20:38:41,07-217-8334,01HD76CA01M9TRGCTH4VAA5ZDD
01HD791GM8HX3TR2N5F3PPHVJG,Cash,1448,2022-11-17 21:03:11,22-112-2160,01HD76CAFEY8QR7T0BY3FSWB0R
01HD791GM9RG45DF9XKB0MBWNB,Cash,245,2023-05-12 00:27:35,58-293-2067,01HD76C95MRYMCWNNMD43VYXH1
01HD791GM9AEDK7MAEWEBGQ8AN,Credit Card,750,2023-04-05 01:46:00,87-233-6490,01HD76C9AEHYP3ZPKB6BWM66JS
01HD791GMAQNKB84HA9T6XEY9S,PayPal,1806,2023-07-27 13:54:27,27-681-7001,01HD76CAEAABCBV0RKZX6NQJYT
01HD791GMBS7WZT1EFY7BGZDTC,Cash,1432,2023-10-14 20:50:59,23-883-6224,01HD76C9HS4GEV8JAQ0TEKCRKY
01HD791GMCM3036EG137QZP416,PayPal,132,2023-01-06 20:43:43,48-386-2066,01HD76C9WSXF3GBBVD3AZK95TM
01HD791GMC32H2ZPKCAF2RRQSM,PayPal,852,2023-01-10 10:16:20,68-109-7618,01HD76C8Y6ADYR09M7KZ2ZZEA2
01HD791GMDPE0MZV9YKTD2PJ43,Credit Card,1487,2023-07-14 22:56:06,53-832-7451,01HD76C9P430P0KF1M6YQGZ99D
01HD791GME36Y260NP6R6P861F,PayPal,742,2023-05-22 15:08:16,31-962-0561,01HD76C980EZ4HK53QBVXM4XQG
01HD791GME6M4WM0BNNP103X37,Credit Card,1020,2023-09-05 15:11:54,05-788-0970,01HD76C9NSC4YC3TTABAZ7BR76
01HD791GMFMSJ8M5G88EP6M82Z,Cash,168,2023-10-02 16:53:30,58-854-6333,01HD76C9QSKSWD986MMTVF4X72
01HD791GMGJ5T1AFE2FGSY18CS,Cash,548,2023-06-08 19:13:43,32-269-3483,01HD76CA99ZMRCDST6CEQF5E9Z
01HD791GMG6WXN4JH8XJ462BR6,Credit Card,994,2022-12-07 12:17:50,52-180-0248,01HD76C9E1VJXN3KE2A584S01M
01HD791GMHNGEH3PTYYR68EHSM,Cash,826,2023-06-07 22:55:37,16-656-6667,01HD76C9R2S612FQ2WPA97F2JR
01HD791GMJYTPW8TXBN9CP5ZNA,Cash,1702,2022-12-20 04:14:00,86-596-4889,01HD76CA489Q2MZ82N9KZV8VC6
01HD791GMKQ2ERRCRE5VQSS5N5,PayPal,1713,2023-02-09 12:31:57,49-794-5591,01HD76C97BBSW9ZV91XW6ZSVCK
01HD791GMK3M10ENWHHGF4JNFG,Credit Card,1818,2023-08-29 02:12:49,73-782-4099,01HD76CA3ZZ2K895ENDR04RT6D
01HD791GMM3XDTR6NK6SREDDPC,Cash,1128,2023-06-07 02:45:08,52-779-9590,01HD76C9QGXTVNNQSWVS8XQFAF
01HD791GMN19EKK52MZVW8779A,Credit Card,1706,2023-03-12 17:10:59,52-007-8169,01HD76C9VJ9Z1TGDQDWE30ABCN
01HD791GMNFPGKP4S52SJ5VC19,PayPal,1433,2023-04-27 18:37:36,31-222-4893,01HD76C9G4SQ5RAMGWZN02X65V
01HD791GMP8199V6QHPCQDTJAH,Credit Card,1086,2023-10-19 01:49:34,77-651-6629,01HD76C939T11C7JTHMS1KQHY6
01HD791GMQ4TS8J0AH4WAGNFB1,Credit Card,333,2023-04-02 15:08:21,82-417-2581,01HD76C9XYYDJJ7B06WAQ2AEWH
01HD791GMRFARSGKYYRHT31M5Z,PayPal,307,2023-01-17 15:32:30,99-376-5600,01HD76C8ZV9CK1ETCJMR2XSD05
01HD791GMRPNMXWJN1NK86M2XP,Credit Card,1028,2023-02-25 20:51:21,87-588-5331,01HD76C9TYNAD985ZQMQYY40XG
01HD791GMS6BZCGCZXYQNB618D,PayPal,253,2022-11-01 08:51:19,14-819-5091,01HD76CA63EMKWD118MKBNN9GR
01HD791GMVF4Y8SZ064H87ZV3H,Credit Card,1378,2022-11-03 16:40:30,48-743-4456,01HD76CAFPP3HPFP8FK73EZFHW
01HD791GMX58Y900ZN3FF227VZ,PayPal,569,2023-05-01 01:28:24,00-158-5165,01HD76CA5MN9J4Z72N0EZWHGB6
01HD791GMZ5XZ6T9PSN4S9MPJE,PayPal,739,2023-07-01 00:48:06,28-330-0502,01HD76CACQ6W05KHNS90P5S16H
01HD791GN1PE7B25NM05M0FBZ4,Credit Card,187,2023-05-01 00:47:30,14-526-9204,01HD76C9BC3NZ6H5JGJCE0FJCK
01HD791GN2BR3FW027BPC0Z7FY,Credit Card,1019,2023-07-24 17:17:56,59-609-7634,01HD76CADJ1E3X4TANRMR0DS33
01HD791GN4RNE69DH7NV36VSKV,PayPal,1397,2022-10-29 16:01:31,47-851-9758,01HD76C9B0XXVBDQ12D4G905DR
01HD791GN5BH8Q99CNR4RAA5EG,Credit Card,1725,2023-01-21 14:52:03,94-530-6208,01HD76C9G180W8TM1043FGHYB5
01HD791GN62F8J513P9JYF2JKY,Credit Card,1633,2022-12-14 12:59:46,21-721-7193,01HD76C9BB6GWZA8VR3PXPJP6C
01HD791GN866XRD8DDSPS3B80Q,Cash,496,2023-08-16 08:37:04,43-482-8539,01HD76C9761V0EEKWW475MHSJT
01HD791GNAES1QFW8S94M6KDRS,PayPal,1963,2023-09-01 17:35:31,75-434-7036,01HD76C96MTV7AJD2NR0CR3C7K
01HD791GNBV6FFMGW3SQ772WTZ,Cash,1422,2023-03-01 05:57:00,47-377-6532,01HD76CA1H4XRHFQCK8V5FGNCH
01HD791GNDT1GE8J2KT8WV2XGH,Cash,1852,2023-04-22 00:06:01,03-884-4723,01HD76CAHFWX0DQQ558W4D7RWS
01HD791GNFJ63MGX350KAQJMZJ,Credit Card,1683,2023-03-27 10:00:48,93-940-8137,01HD76C90DTCY7BQ7KB7BQR25X
01HD791GNH9Y11Q4NJ3QWH2M6D,PayPal,1816,2023-06-19 12:02:55,64-664-4242,01HD76C9S40B2T93B8830TFNW9
01HD791GNJJREX9NVZ4B1HVT2Z,Cash,1967,2023-07-31 16:45:28,45-323-0777,01HD76C9AGS9MEAD01VT6QRSVK
01HD791GNMQP94DGW22AKDVX6D,PayPal,421,2023-06-29 05:43:38,05-781-9259,01HD76CA3GPPHYQ9BH90KHP0BP
01HD791GNPJXB98QXTKXE1Z1HB,Credit Card,1599,2023-08-27 02:59:24,98-922-4492,01HD76C90JYTXS8CP6EBVRC57E
01HD791GNRJH1QXBGRX35KSDT4,PayPal,1371,2023-10-16 06:13:49,75-896-1618,01HD76C9YETBJYHAY7XHCZ9FQ7
01HD791GNSEDD4VD39YW4GVR2M,Credit Card,1503,2022-12-14 21:32:45,18-025-1699,01HD76CACT108HK2V3XHP2Z5CB
01HD791GNVARH5C7C16PZD4DJ4,Cash,639,2023-05-02 00:44:13,01-665-3793,01HD76C9Q17K81JNRS9WHENSBD
01HD791GNWNPTN7QRX5BGFQ49G,PayPal,577,2023-03-20 08:00:37,54-964-8136,01HD76C9G4SQ5RAMGWZN02X65V
01HD791GNY4BC4W5NY8Z6QSWFA,PayPal,791,2023-07-15 11:47:55,29-508-9076,01HD76C9K2Q14GAGR0CJHV666Y
01HD791GP0ZH9YHN6DTD5W09TJ,Credit Card,1630,2023-09-20 05:44:38,61-149-4265,01HD76C9JXSWQDTQVMFHSXFSZ4
01HD791GP1JXGMKX0W2AJ4K2E4,Credit Card,1646,2023-08-18 09:43:13,58-392-8448,01HD76C9YR3G5051KWDTMT1R2Z
01HD791GP3T586SM5CMQW9WHQ8,Cash,1576,2022-12-20 19:58:51,43-578-4804,01HD76CA136DQ3C8JRV9PSDCSF
01HD791GP57J1XMZACCJ8K227A,Cash,494,2023-06-14 21:41:57,09-498-1757,01HD76C9ASR3TAAVGD81E00YCA
01HD791GP6T3JR88MDTWJ5S32A,Credit Card,1690,2023-09-12 16:01:22,21-178-4235,01HD76C90YNEQF9JWQC5JRTA1Y
01HD791GP6877YQ76C0WSC1D13,PayPal,781,2023-05-25 04:37:31,32-315-4195,01HD76CAHWEVZP3B6TV2R2QNKV
01HD791GP7Q2DQ854VAMTWYGQ3,PayPal,1129,2023-06-12 15:18:57,76-316-2065,01HD76C8ZA6C2CY34ANRJNTGAS
01HD791GP8RHYX2E9QMP9614T5,Cash,128,2023-01-21 09:29:39,91-075-1214,01HD76C95MRYMCWNNMD43VYXH1
01HD791GP9RJV96WYQ2RBYY6W0,Cash,597,2023-05-14 00:50:24,55-700-5096,01HD76C95F391Q8X9P8Z6WQZCQ
01HD791GPADNF4QPTB4TMQA5HT,Credit Card,334,2023-09-23 16:51:25,11-141-0141,01HD76C9CFMTR0KX7VB59W32PA
01HD791GPB5ZT8406RNW8KJW6C,PayPal,714,2023-08-25 12:50:05,14-750-6269,01HD76C9P9VKTBHVWTBYP1RADH
01HD791GPB5FYDFJBXY1H19NXJ,Credit Card,1961,2023-06-04 03:43:51,20-937-9554,01HD76C9TYNAD985ZQMQYY40XG
01HD791GPC7BQZDCBV0ES5WQBH,PayPal,1398,2023-07-02 17:38:31,79-569-6143,01HD76CAH26945V4C7C9FQM299
01HD791GPDTQT70HMV1R7033KS,PayPal,119,2023-05-16 13:27:10,43-987-3177,01HD76CA11MX1VP9WQSRZQ1X30
01HD791GPDBT1N798M15W3ZJQ4,Credit Card,503,2023-09-28 20:12:32,30-992-7498,01HD76CAD3YPGC7AJ132YB6T4Y
01HD791GPEX4H7MYP1DQC3B97A,PayPal,646,2023-07-09 21:11:08,53-315-7848,01HD76C93EQS2VA2HAX1DFXE4Q
01HD791GPFCMT6FBEJAYBJZ7JZ,Cash,919,2023-07-23 11:03:51,13-147-9871,01HD76C90ENX56YYGYWNJF9NWX
01HD791GPG85N17XE8B573B7WX,Credit Card,1320,2023-01-03 14:44:37,49-410-1564,01HD76C91JSEPHJPNJKWJ0BKAC
01HD791GPG1V9FGV512JYAKN8T,Credit Card,201,2022-11-19 02:34:25,24-852-1711,01HD76C9X77M1FVJHWTHQHFMAK
01HD791GPJ292FNYX7YC6SMDH9,Cash,1665,2023-06-11 07:23:00,79-367-6702,01HD76C90TQ4KR17SZDK9Z0KCV
01HD791GPJ2VKTA6RN368QKFSQ,PayPal,1290,2022-11-24 19:06:48,76-811-2923,01HD76C99EAPN3EP58W178SMXW
01HD791GPKMQ6SBY0KGG15TV0M,Credit Card,511,2023-06-02 18:48:50,85-586-4833,01HD76CA3PA863N1972JBKYZ3R
01HD791GPM5PMH523GN68TST1C,Cash,1600,2023-05-11 03:43:22,80-240-6766,01HD76CAAB8JG3HVHAV6G2MQJY
01HD791GRACR0P2DZPW42YCJBD,Credit Card,1972,2023-03-01 22:11:23,84-300-8706,01HD76C9CJR590VVNHAMQ1PGVE
01HD791GRCDYWK4W9CAE4XFRK9,PayPal,1586,2023-09-24 03:10:43,88-203-9582,01HD76C9SPXP930M3KHR2YYV64
01HD791GRENGNMB6D14HR5MMPZ,PayPal,1652,2023-09-16 15:37:51,15-817-8701,01HD76C9DBY5G7XFRM1XM2HG7Y
01HD791GRFPJRBS2S8D9XVJ7ZY,PayPal,1614,2023-08-12 10:38:26,58-264-6704,01HD76C9TXQZJBG1T24BZTFK3T
01HD791GRG4H3FKDB057SMBFFZ,Credit Card,1298,2023-02-10 04:50:28,39-982-6285,01HD76C9JFAB2CQ7WGYVK3X5RS
01HD791GRJ5ZGD9PKCGXW1MKHY,Credit Card,782,2022-10-29 18:23:04,57-608-8706,01HD76C8ZV9CK1ETCJMR2XSD05
01HD791GRKKXQH1X8RH43DH5AA,Credit Card,814,2022-11-08 13:30:58,87-645-3048,01HD76C94HEVKRP51ACKKE1FMZ
01HD791GRKV1EXERDFQS21N6EY,PayPal,1672,2023-01-15 03:36:29,39-089-6148,01HD76C9Q7JNNCEKZXPB938AD1
01HD791GRM7XCTBM06B3WNMWSP,PayPal,706,2023-09-27 21:51:27,07-888-9004,01HD76CA8FTRXBYS9Q7NEBTK5F
01HD791GRN6QDWPX22A5SY2MJ4,PayPal,1026,2022-12-16 21:25:56,01-610-2453,01HD76C9PD68QJ7V2VCX8GDE2B
01HD791GRNTRY26325GYVKA8Q5,Cash,1230,2023-06-21 02:11:04,11-141-0141,01HD76C9G6F2472002KNBQAJ0T
01HD791GRPP220MYS7M70HPG8Y,Cash,1527,2023-02-27 17:17:10,56-308-8878,01HD76C9205XGA2PD4KVWJQP12
01HD791GRQJT3PCFV0T7HVYMZN,Cash,920,2023-01-24 07:34:50,72-853-2735,01HD76CA6RCSMMN79A34SEC51X
01HD791GRRQA8EHMDM794G88HW,Cash,1997,2023-09-07 14:29:07,62-926-6418,01HD76C94HEVKRP51ACKKE1FMZ
01HD791GRSH012KCAA7NQCE1ZR,Cash,1992,2023-06-24 14:23:34,26-908-3404,01HD76C98KKH0X2QZ7Z45FZRZV
01HD791GRT2TKAXM0R8STR757Y,Cash,1773,2022-12-23 10:16:20,47-773-4497,01HD76CA7HHYTMPY852ZSYE2DM
01HD791GRTETGP7SJ998H3MZZV,PayPal,348,2023-09-04 20:05:21,56-280-3301,01HD76C9YVRAFEH7AQ7TKY7RNE
01HD791GRVT1NNFHGAH1KVZ7CZ,Cash,390,2023-02-24 07:39:32,03-704-6401,01HD76C9EWBK4792PWJ8QF9G26
01HD791GRX6G0QMR983P1Y9EAJ,Cash,336,2023-02-01 02:12:54,55-091-5328,01HD76C96QTE6NS2DXSYYAMPZQ
01HD791GRYTK10M4BCBS2TYGKW,Cash,322,2023-07-24 06:38:59,32-338-6849,01HD76C9ZNBQMNSB3GJJPCPXCZ
01HD791GRZ0M11YKMFMR61TM88,PayPal,1498,2023-08-28 02:41:41,81-215-9875,01HD76C98MGSCJG2Y22ECWD6RN
01HD791GS02WEK8WXBQKG1C5YN,PayPal,1872,2022-11-23 06:04:52,41-297-2289,01HD76C9A1XTXJ2ATM9SJEZQD3
01HD791GS1X08HZHZBX499X8BD,PayPal,581,2023-09-16 06:07:00,58-108-8679,01HD76C9WSXF3GBBVD3AZK95TM
01HD791GS1BFCT0PH8SAEZAYSW,Credit Card,1279,2023-06-08 11:28:35,27-537-5740,01HD76CA01M9TRGCTH4VAA5ZDD
01HD791GS2Z86YF6M6J41BMEC4,Cash,610,2023-04-06 13:10:48,81-663-5274,01HD76CA8EF74ECDJBP24SZHRP
01HD791GS3BJRD80A57704E70J,Cash,1751,2022-11-24 07:23:52,01-248-3941,01HD76C9WT22V2HQKR3THV2T8K
01HD791GS42KSKXW2TMF458BAP,PayPal,428,2023-10-01 20:22:10,95-261-3342,01HD76C96500F4XE7ZBJVHNXAT
01HD791GS52X6AXRS7ZXBECTD1,PayPal,888,2023-10-07 07:09:48,85-458-9359,01HD76C94C08H9XHQ4S9A8B4J0
01HD791GS6M0M53F1APYPFZZBW,Credit Card,1495,2022-12-14 06:16:17,91-871-1294,01HD76C9CABC1NGM94VG0KC7V2
01HD791GS7EE3N0NNS7XQNJ37S,Cash,1782,2023-02-23 22:32:56,58-620-6433,01HD76C9TNPN29KKHN0CJ2G8Y5
01HD791GS7PWP2H8D8Z04XW1ZZ,PayPal,1582,2022-11-18 10:18:14,28-330-0502,01HD76C9RZQZ7SR79HZQ9YK4XN
01HD791GS9320BBQMRFERC4M5R,Credit Card,1752,2022-11-09 09:33:34,78-996-1046,01HD76CADFSQXBDBXRG91WAZNV
01HD791GS9Z8X0K8CKYHQRHEQS,Cash,732,2023-03-20 20:09:48,45-352-1238,01HD76C9Q17K81JNRS9WHENSBD
01HD791GSA39WCVJ8BFXGFVJH6,Credit Card,321,2023-10-17 21:09:14,44-287-8178,01HD76CAHXRTM0W91SV4VZQC7J
01HD791GSBHNP6RVHJ8BD4BEKJ,Cash,659,2023-08-01 21:46:06,58-182-1631,01HD76C9BXS6N3MGB2MSBF7AX0
01HD791GSBDMCZXF5Q6QGT4K1V,Cash,114,2023-05-18 15:29:32,19-816-0087,01HD76C9KJQ1QWR5M2S7PPADXP
01HD791GSCBTWKJ57NRZ1EMRVC,PayPal,1737,2023-07-20 11:05:41,67-509-8403,01HD76C9PFF7RMWRC59E3HBQ99
01HD791GSDGVQVF1ZS7AXK0EYF,Credit Card,1581,2023-01-17 07:47:02,08-338-3903,01HD76C91Q3B56XEZEAPC795NA
01HD791GSE9K21QYHV95Y9FXFW,PayPal,1636,2023-04-09 18:27:32,73-302-9390,01HD76C9PX3KN5G252VR8YJY9M
01HD791GSE9HPHW9GXWS33G875,Credit Card,462,2023-03-24 05:54:54,58-731-1944,01HD76C9HX00QKWZHGG5BJVKRW
01HD791GSF2SSXP1ZEESJVENW0,Cash,1996,2023-09-05 12:42:21,15-645-8144,01HD76C91MFMNSR10XRG08QTGJ
01HD791GSGZAKRF52DR0F4J20W,PayPal,1146,2022-11-12 21:08:42,26-270-7279,01HD76C9FTTJ9GHMMR3Q2VT9Q6
01HD791GSH20KVVQ85B2G7S59B,PayPal,1860,2023-06-11 16:48:54,10-018-8545,01HD76C9097JHF0W7C3P6FFFHY
01HD791GSJ7Y5EA8YFD1KEB4CE,Cash,323,2023-08-07 00:33:56,35-144-2185,01HD76C9QERW2WZRRBCGWZBMDE
01HD791GSKPMKV4HE4H1G6209X,Cash,1152,2023-03-14 05:23:19,18-573-7594,01HD76CABY3919YAFVJM2D8XNW
01HD791GSM17HHNEG29HB3PNDQ,Cash,1350,2023-06-29 22:16:31,79-695-8692,01HD76C9G4SQ5RAMGWZN02X65V
01HD791GSNA1TBB0ZX7VE1A9ST,Credit Card,1509,2023-09-12 09:02:39,27-159-8327,01HD76CA07DRVVHRRXTSP5HVWY
01HD791GSPKBD5G2S3BKMXPAV9,PayPal,918,2023-03-07 17:34:56,54-964-8136,01HD76CAJ06Z3XDN8T2XX4RH5B
01HD791GSQ4BKAX7PTC1H6FXT8,Cash,1554,2022-11-05 23:49:42,56-761-7316,01HD76C9KVVDDS2J2AJWTRG9Q8
01HD791GSRWVPK63QGNF771QJ4,PayPal,1476,2023-05-02 20:26:10,58-616-0629,01HD76C9PD68QJ7V2VCX8GDE2B
01HD791GSSYDTSWHDMJQ6XD3VD,Cash,714,2022-10-22 09:45:28,47-418-7413,01HD76C9SHH91319W71ACSZXF9
01HD791GSSAVD6QHKZMWV9CVHN,Credit Card,1047,2022-12-08 14:48:45,23-794-3865,01HD76C9JHMCNHWPJAB7W9CFXY
01HD791GST2NV9EBWTRXKAND0Q,PayPal,403,2023-02-26 22:58:28,96-890-5983,01HD76C9NWCK0P0H0X17FFAKM1
01HD791GSVF52DHWMNXXA6011M,Cash,1990,2023-09-13 16:24:37,82-183-7848,01HD76C9ZZGQT3QDNT4YA2QDMP
01HD791GSWKTS9XABB537QQA7Q,PayPal,670,2023-06-29 08:48:44,24-852-1711,01HD76C9AEHYP3ZPKB6BWM66JS
01HD791GSXXYYT6G06N5QT4EE6,Cash,1715,2023-02-15 13:42:44,85-136-5288,01HD76C9NMAVMJNCA3SBH384KV
01HD791GSYFV0EDYP73PVQBQ5M,Cash,1004,2023-03-29 22:50:44,20-185-7020,01HD76C97JY2244ZYMWYV3VHG2
01HD791GSZ14V16W2EHY8496Q8,Cash,258,2022-12-22 04:27:12,79-417-8905,01HD76C9ZNBQMNSB3GJJPCPXCZ
01HD791GT08DD6BAD7WVF9SY7E,Cash,405,2023-07-17 20:36:18,57-365-5877,01HD76C9504PPQK63E4E630NKV
01HD791GT1378SKT73S1HTA39N,Credit Card,1755,2023-01-11 09:20:16,64-481-3250,01HD76C9761V0EEKWW475MHSJT
01HD791GT2GCK6NRNMTRD1X8EH,Credit Card,1739,2022-11-17 01:21:01,27-898-2361,01HD76C9YN92SMWT3CNTF3TZCY
01HD791GT227X96HJNASMKSKC6,PayPal,1360,2023-08-21 18:16:51,49-643-0482,01HD76C9PK09SFTAM6DKZ96JGX
01HD791GT37BG46C1Q0VEBEWYX,PayPal,1945,2023-08-31 01:11:40,13-012-8396,01HD76C9A6X01BXGEKTE28GZVA
01HD791GT4XXMPCDNQMFGS127M,PayPal,1915,2022-12-19 17:02:48,31-657-6405,01HD76C9KCB4MSY7NFHNXZTC7Z
01HD791GT5MXQDRF8JAHZ9F1CC,PayPal,756,2022-11-23 17:15:21,86-768-2847,01HD76CAAKVY2TD13G2VWBS8ER
01HD791GT6XJQ2R7Y3S3NV3JHR,Credit Card,1645,2023-01-20 01:22:39,11-699-9674,01HD76C9Q6G95TXN30AC87NFGH
01HD791GT6BC7RGC9T27SV4G28,PayPal,113,2023-10-06 06:21:36,83-788-4932,01HD76CA7HHYTMPY852ZSYE2DM
01HD791GT7EYBEZ9DCYFVZ7KHG,Cash,194,2023-05-02 06:25:52,89-841-0215,01HD76C90B8VZJXD0BQFWC6R4V
01HD791GT8ZFJ3WFGP4GHB6VXN,PayPal,782,2022-12-12 15:49:27,64-699-2906,01HD76C908BH8KNERBB7SF4B7T
01HD791GT89H4DK7NQFVXNH86X,Credit Card,1250,2023-07-22 14:52:56,07-537-5469,01HD76CA83EPPX5F5RYJE51XER
01HD791GT917YZ6XJRG3ZGRJJR,PayPal,1487,2023-04-27 14:33:12,27-312-4559,01HD76C9T1KK2H152MMVYVANG6
01HD791GTAAMAZJ06CZYACYMM4,Cash,1360,2023-02-14 21:27:32,61-149-4265,01HD76CAH70098T45C6YWPX0YX
01HD791GTBSY207VE312CYCHM9,Cash,735,2023-09-24 00:58:19,91-577-4615,01HD76CA9NX029FH0BZNEN54WG
01HD791GTB5SET5SA7404TKEE4,Cash,1912,2023-09-12 05:38:35,61-556-9696,01HD76C9NMAVMJNCA3SBH384KV
01HD791GTD9FK3MZ18N6BCSMN9,Cash,989,2023-02-03 06:55:30,37-376-7552,01HD76CABDSKJWQ6K6C8J9GTTB
01HD791GTECQH7EBDWEFPRBNWG,PayPal,1610,2022-11-17 07:45:49,77-869-7804,01HD76C9SXRAA43BCM51JJX2X0
01HD791GTE3WWM1287S3NTK0MD,Cash,449,2023-03-08 01:32:34,92-723-3417,01HD76C9XSC4N9XCQ94P408MFT
01HD791GTFEKW84G96B5K02EX6,PayPal,1120,2023-05-15 09:00:32,73-651-9458,01HD76CAEAABCBV0RKZX6NQJYT
01HD791GTGQ65ZAVJ0NGSFH35M,Cash,434,2023-08-25 18:06:47,99-316-8835,01HD76CA6RCSMMN79A34SEC51X
01HD791GTGNHEACG3HQK97EF73,PayPal,1074,2023-04-01 20:45:13,41-219-4095,01HD76C9TXQZJBG1T24BZTFK3T
01HD791GTHV45W5B7GR3DYE4RE,PayPal,1179,2022-12-25 06:40:27,28-301-6568,01HD76CA9J4B8H3WJEJG10PHXD
01HD791GTJT38XF3HSYPTKEZD6,Credit Card,519,2023-06-05 02:36:38,67-727-0709,01HD76CAASNYW76S31D35STAMV
01HD791GTK5WFG2GWPNQ7GBFWG,Cash,1863,2023-09-21 07:41:35,10-194-5158,01HD76C9WH522TZE5QWEWY738A
01HD791GTKEW84ST17310VNKBV,Credit Card,1081,2023-06-04 04:41:57,71-116-2749,01HD76C9RC4XZ0ZFVEGKD6RRJ7
01HD791GTM8QGRV40NYFC71VFN,Credit Card,1723,2023-06-15 18:43:24,68-708-3209,01HD76CA9EVN22EXCZ85T0V995
01HD791GTN46WFS364HWX8RG4Q,Credit Card,282,2023-04-22 09:24:47,90-190-6637,01HD76C9CHFQ0TWKP0N941E3Z9
01HD791GTPN0F52ME4VV71WXDW,Cash,877,2022-12-13 17:42:38,14-887-9679,01HD76C9BPK918RJ1GT0HAYWSK
01HD791GTP0B03GR1T440C89XY,PayPal,625,2023-07-31 22:33:35,28-293-2326,01HD76CAGZBY4A1KRZGDZQQ64R
01HD791GTQM4JE0D7FB7JCHC9S,Credit Card,557,2022-11-07 11:06:20,83-919-2237,01HD76CAEZT836R72E5YEP4DJ9
01HD791GTRW7X3TS50GCKCGZD8,Credit Card,1208,2023-04-11 18:40:40,28-925-4561,01HD76C9CTXSNXMCKTJ8SG3B2N
01HD791GTSYXXBQYN5V7JFJA5E,Cash,187,2023-04-01 05:10:37,13-371-2135,01HD76C8Y9A1XFFKT3TX34FCZM
01HD791GTSG8ZMJNMTKTYZMK77,Credit Card,972,2023-03-30 07:35:25,54-126-7031,01HD76CA5QSD8JBJHDMRV3Q82X
01HD791GTTBMVVV5N2GA85YKQZ,Cash,279,2023-08-22 11:03:17,17-874-0368,01HD76C8WZE6FVA6QPDNFVDPME
01HD791GTVDN00PPFAPD3EX63E,Cash,214,2023-07-30 21:14:07,49-561-6334,01HD76C91DRD1828337YRYTPZ7
01HD791GTWJ9QBQB56H9NN3MWS,Credit Card,1257,2023-08-25 13:40:16,44-925-4568,01HD76C9W548SG2EXJ71WZR91Z
01HD791GTWNSW042QF9S6N08WR,PayPal,1512,2023-01-28 13:16:19,41-337-4807,01HD76CA1F5ZGYG4GBWQKWY75F
01HD791GTXP2KAHD1MMR1S6MFW,PayPal,381,2023-09-01 02:09:22,72-490-7227,01HD76C90ZAGEQP9CC1BE2WY7H
01HD791GTYJAK0VXKEPEK5VP87,Credit Card,1092,2023-02-14 14:38:12,04-119-5848,01HD76C9NX6DRYYHH7KJ59W0BR
01HD791GTZHJCX9A8PH7JP41ST,Cash,1522,2023-07-03 12:59:59,14-449-1406,01HD76C9S2E4E06N0GMYBGJ5QA
01HD791GV0J30XE9FV2GHXXZ1T,Credit Card,1306,2022-11-05 03:22:18,27-275-6804,01HD76C9B5WDF9EBJK0JDN9V59
01HD791GV19PS6DF1N3V8XSN54,Credit Card,1406,2022-11-08 14:06:50,45-323-0777,01HD76C9S3QQG2N9M2Q58GQ7N2
01HD791GV25BTN8NZ54QZVP976,PayPal,404,2023-01-30 17:39:09,08-670-6911,01HD76CAF2DETG5ZATBBXXX48Q
01HD791GV3AYAYV41RSY0Y2VXD,Credit Card,209,2023-03-20 02:10:07,04-936-3693,01HD76CACWX2C517C4F0C1PQ4Q
01HD791GV46XRZB1VR32KBEZDA,Cash,1299,2022-11-05 22:22:56,93-596-2233,01HD76C9EKB5TBJYYEGYRPB0QB
01HD791GV4TVFC92410C0BZ1RY,PayPal,872,2022-11-16 15:46:54,04-830-6952,01HD76C9DRTKJFP4Q4CT2B5N08
01HD791GV5DD2GKM3N8WP8KS5W,Credit Card,960,2023-09-11 14:58:08,38-084-7274,01HD76C9CSGJRPMAZ3NE5Z4ADE
01HD791GV6ZCCH28PFXW3VEXPE,PayPal,1083,2023-08-15 22:50:32,87-424-8501,01HD76C913TA6CM69PBQH6CMQR
01HD791GV62WFYMA31JTCM3SG8,Credit Card,457,2023-01-11 17:14:04,29-158-1242,01HD76C9PPSEY8B9FVRXPJSPKM
01HD791GV7VC5VRX6PT9MNW9RQ,Cash,216,2023-08-07 19:05:13,62-674-4428,01HD76C906ZCNZ51ZRC3M6MTK2
01HD791GV8B9X8SDJ49WBXWZPZ,Credit Card,481,2023-10-07 05:25:59,36-020-1926,01HD76CA5A9RR6415TZERPGPSD
01HD791GV9WJG1RPD4PBXB572F,PayPal,1320,2022-11-01 12:29:40,82-348-8527,01HD76C9EG98AGQDA67HQHNDR5
01HD791GVA23HME6XVHH0698C5,Credit Card,181,2023-04-02 19:50:26,47-847-0694,01HD76C9K0XTSQ56C27FXRNGPB
01HD791GVBFW12NKYM28P2909R,Credit Card,368,2023-06-05 14:24:31,53-173-7090,01HD76C99KJ0S3ZGNMF1EWMQHZ
01HD791GVBEB6B9FA2ZETJ1D8M,Cash,1186,2023-02-14 04:36:03,65-061-7856,01HD76C98SKTY4DD00P9J8PR7R
01HD791GVDF5MQAP30ZY3Q7S43,Cash,1530,2023-06-24 12:31:41,21-178-4235,01HD76CA0ERZV3MDGZAVAPTHRX
01HD791GVFCKNG6KQ9DFW9F9ZM,Cash,1868,2023-04-23 22:25:57,98-715-5277,01HD76C8YEWMM25FG2STF5WH1C
01HD791GVGF3CVMW1CQ7D59EVK,Cash,1712,2023-04-24 09:02:51,59-936-7527,01HD76C9Z6ZDHJ0J0JAYEN2J5Y
01HD791GVJ4S82VHN92EDS9B5K,Credit Card,1213,2023-09-30 08:05:59,75-434-7036,01HD76C90ENX56YYGYWNJF9NWX
01HD791GVMZCVVCVY451KTZGFR,PayPal,652,2022-12-08 20:41:13,90-658-0041,01HD76C9YM5D8Y5CWF860TE8DV
01HD791GVNSXXV9XF5PXXCVPBN,Credit Card,1478,2023-10-06 04:33:27,40-704-4214,01HD76CA77KDXSJT6HXQVA0Y7D
01HD791GVQQ54DG309WM2XYFH0,Cash,1255,2023-05-01 05:17:14,52-180-0248,01HD76C97JY2244ZYMWYV3VHG2
01HD791GVSGKG0ESVJCTD9QFHR,PayPal,597,2023-06-25 21:53:00,18-261-0081,01HD76C9WXVHWW03V4CZZ6FXX6
01HD791GVTBKFHF7E3N7GDHZB1,Cash,1271,2023-08-01 12:12:16,49-758-3043,01HD76C9Y7YFEBT9PVKKSFNJM8
01HD791GVW8M3HXNY20Q62JHSB,Credit Card,135,2023-07-15 19:05:30,60-247-9882,01HD76CAEJHNZZRF73SH1BCJC4
01HD791GVY37PMM1Q5XGW23GYD,Cash,210,2023-07-30 15:38:42,29-508-9076,01HD76CA6853JCD3S85GZNKZ64
01HD791GVYBXW34BZJWDB286NW,Cash,1777,2023-08-13 17:19:59,98-547-7707,01HD76CA76P4QDC60HF2BES3DZ
01HD791GW0NQPJQVFE69X4XWEA,Credit Card,1825,2023-02-16 10:01:52,18-171-0704,01HD76C9K10M9713XTEBC54K2W
01HD791GW165ZA6JGWMHRJCK95,Cash,125,2023-04-21 21:09:11,13-196-7133,01HD76C9PAT2ZA289VGVS29TWX
01HD791GW2S1Z6GX3BH3ETVA6D,Cash,1942,2023-08-25 07:27:59,40-601-7768,01HD76CA4P4VF3JP827Z5HR77T
01HD791GW34YBR2J7SB0923EAP,Cash,1179,2022-11-14 23:29:41,24-299-2229,01HD76CA9FCZF7DCV5EDQH2EP1
01HD791GW3S6B7D1XF5Q57BXPY,PayPal,1467,2022-11-24 16:20:00,51-392-2602,01HD76C9Q367DBZTBCNQRG5VJK
01HD791GW4NZZKDRND23K0ZSRP,Cash,1677,2023-04-14 16:36:47,96-896-1352,01HD76CA7AKG7GD7KMV1QZ74E5
01HD791GW50FEGVRW6EK4YZK27,Cash,942,2023-05-05 05:22:21,20-291-9942,01HD76CA0878W9WRX912R11ZGK
01HD791GW58MY00HXVXC4YB89T,Cash,1427,2023-03-20 15:49:16,48-687-3125,01HD76CA76P4QDC60HF2BES3DZ
01HD791GW6QVZ2R9GWPJCDQ13C,PayPal,805,2023-04-22 05:41:56,42-942-6729,01HD76CAD91QK9PRT683S9BGFN
01HD791GW8R01ZXCH33C6TWEC5,Credit Card,551,2023-08-18 23:01:55,66-686-3279,01HD76C9QBEZZ305YABZXDDX2Z
01HD791GW9CXT5DYRQ8DFPEHMT,Credit Card,1683,2023-05-30 18:54:12,59-252-6557,01HD76C9NHS9JDWFM629C0F33M
01HD791GWANCGQ733GX29C956C,Credit Card,519,2023-06-14 02:53:43,59-754-2438,01HD76C9T5BBWKFVAZXWC35VC0
01HD791GWBASR6SSZNJZ2J30N7,PayPal,1226,2023-08-22 00:58:40,85-586-4833,01HD76C9Q17K81JNRS9WHENSBD
01HD791GWBT1MEFTQXWXJ45TDK,PayPal,157,2023-06-28 15:46:06,16-046-5792,01HD76C9XAHDXW9HKGT80PEKTC
01HD791GWC22474XCE5XCVTW7F,Cash,1537,2023-09-18 09:14:00,86-928-7280,01HD76C8ZYDQ8EBK5FR8402F14
01HD791GWD93CH9P4DBH8DR6H8,Credit Card,944,2023-02-04 20:11:12,22-444-2935,01HD76C9KKXXX060RKRH6C2P8Z
01HD791GWDZPMX3GG6R1N9MYRD,Credit Card,1129,2023-02-01 15:29:58,54-053-8095,01HD76C9ERZ3VXZ1G8N6553ZFA
01HD791GWEW8G4R780202YVM30,Credit Card,1414,2022-10-21 00:22:17,17-232-7414,01HD76CA9ZFCB66W25BP7BFXXS
01HD791GWF7G9ZK39FA5YKAQ5Z,Credit Card,851,2022-11-27 13:22:17,00-000-8031,01HD76C9T5BBWKFVAZXWC35VC0
01HD791GWG6KX5ATKDP8S7K529,PayPal,1303,2022-10-24 07:27:20,30-759-3530,01HD76CA03NQZKYW5RHR4W6CJ5
01HD791GWHKNCQNZJGTAR7BQA0,PayPal,1778,2023-10-07 11:49:41,40-736-9547,01HD76C9TVEM9F3VY1F7K10582
01HD791GWJ96463HCNNRNJ1GQY,Cash,1944,2023-06-04 22:53:51,59-788-0110,01HD76C9FA5SPTT1Y0WSN408DK
01HD791GWJRZFAGJFNBEFRQ33W,Cash,296,2023-02-14 21:34:32,10-803-3917,01HD76CA7ECDV6C5AZM2NJGN0E
01HD791GWK7WZPEHH92GKQ9TJM,Credit Card,1474,2023-04-28 02:12:55,53-016-6972,01HD76CA136DQ3C8JRV9PSDCSF
01HD791GWNED3RA7EWE9S9Y9Z8,Cash,309,2023-01-31 04:41:56,21-064-3632,01HD76CA9XQQMJ5RED1CCVACKM
01HD791GWPQ4R484X1XS4MSANN,Credit Card,830,2022-12-06 19:53:28,98-681-3223,01HD76CA56H1TJ837K44SRZ4BN
01HD791GWQX0AQPFKX91EKXYWG,Cash,1136,2023-01-18 14:04:13,92-247-8330,01HD76C91Q3B56XEZEAPC795NA
01HD791GWR8A3CWEZZ49PY4H04,PayPal,564,2022-10-23 10:37:50,35-163-1924,01HD76CA4W6ND67SCX1DSQ7ABX
01HD791GWR8GR6GMH6PANDBEBA,PayPal,1793,2023-07-06 12:45:05,32-315-4195,01HD76C8ZF1E8ZY4J0M93ZJDMQ
01HD791GWSJWF8Y0HBMC8XY2QA,PayPal,1984,2023-05-11 04:41:39,45-206-7229,01HD76C9NCPNS2V9B0NQTNJ6DS
01HD791GWTHE0QKT1KKCTAZ15S,Credit Card,1833,2023-07-04 03:16:56,38-875-4902,01HD76C9Y0QWVEKZB8A23F9NC6
01HD791GWVHAZ81HCQZ7QZQG7N,PayPal,1631,2023-06-15 07:15:31,15-386-0656,01HD76C9FG266WZENRXMXHHPA0
01HD791GWW52MPC33HBTTXMA4W,Cash,1042,2023-06-28 02:05:14,03-618-3741,01HD76CA7D6NJJEVK1DYARHJ12
01HD791GWX552VB1MYHGDXX9J9,Cash,1952,2023-08-29 02:50:10,53-583-5404,01HD76CACNYN16FCNAEHBTWZRW
01HD791GWYCP17C7X0H425SAYR,PayPal,933,2023-01-22 05:20:22,47-839-4504,01HD76CA4127FYP8Y91R6VJFRV
01HD791GWZY85VXZ8QMSJ102XP,Credit Card,237,2023-09-30 10:59:37,03-060-3737,01HD76C983BZ1CRSMEFKXS21XG
01HD791GWZVZ0CGXY6QQPCS1VG,Credit Card,349,2023-10-13 00:23:53,04-012-5215,01HD76CA5DPGARCPFNGHZRMYD1
01HD791GX03CMV3JCXXMR0ZF6T,Credit Card,552,2022-10-24 11:24:32,61-220-0067,01HD76CA721DF89SZ6XYXE2KV5
01HD791GX1JP85AFXR9MZBQPMG,PayPal,1302,2023-08-26 07:22:08,58-854-6333,01HD76CAHJGBTCC3915756TQEY
01HD791GX22C3BM36SYXQCSTXE,Cash,660,2023-06-20 15:32:39,41-123-1640,01HD76CA1H4XRHFQCK8V5FGNCH
01HD791GX3RNQAVRH9KVDER17N,PayPal,237,2023-02-06 00:19:32,54-908-8929,01HD76C9XYYDJJ7B06WAQ2AEWH
01HD791GX3VHB1WSF6YX4CY3B6,PayPal,773,2023-07-19 15:58:39,95-238-9172,01HD76CA01M9TRGCTH4VAA5ZDD
01HD791GX4ZS4TE4KGD66407V5,Credit Card,550,2023-04-26 01:42:27,22-442-5435,01HD76C9SFMGTN0Q4977XB6QQ0
01HD791GX56R46GWJNVSY65CY5,Cash,615,2023-01-03 09:21:01,57-653-9210,01HD76CAE0W0VE9QFE3S4MWVR5
01HD791GX6VB2923XFX7WJV3N8,Credit Card,669,2023-08-11 12:12:40,00-482-5825,01HD76C9F7E60FXGJH7B4PXM9Z
01HD791GX72JM1FZN4DRV5P5XQ,Cash,1608,2023-06-25 03:59:22,88-388-2861,01HD76CAGMGBMN8FX8XQPWR1N5
01HD791GX8682FWQGDMZMDH9WR,PayPal,205,2023-01-26 12:12:54,88-005-7964,01HD76C92PH881R5SJZNQHHG22
01HD791GX8S8MZTZ3M8C2GYSYS,PayPal,1060,2022-11-21 05:16:04,83-989-1459,01HD76CAAHVVMF6K6RHY40XNJN
01HD791GX971GCGBPA3179BZTH,Credit Card,1246,2023-08-17 02:38:21,31-222-4893,01HD76CAJ2R9PWJ7H9M75FAG5Q
01HD791GXA7N5VMWKPNWR4XP2D,Cash,108,2023-09-02 20:06:28,37-884-0290,01HD76C9HDF8EC38B9JG5GR5DJ
01HD791HEPDDGHW23CRBDVW5MR,Credit Card,746,2022-12-31 23:20:57,23-369-0017,01HD76C95RG92KS6NQS8MGN9ZC
01HD791HEQ2P562M756FT73WKJ,PayPal,388,2023-05-11 13:21:31,19-470-1344,01HD76C9CJR590VVNHAMQ1PGVE
01HD791HER77H90DJFEM6QEKQ4,Cash,191,2023-04-13 14:01:52,27-672-8520,01HD76C98AZZZ6K1Q3CMK58DZA
01HD791HESJDC6R7G42HQYZV0P,Credit Card,1854,2023-06-01 11:14:16,42-821-5538,01HD76CA4E2QC29192SSPC5GBW
01HD791HETXGQ5HSA5CGBCPTH8,PayPal,268,2023-06-03 23:46:55,92-797-4626,01HD76C9513QHY28FPF71VB4PN
01HD791HETBQMV6TS8HKDEMM39,PayPal,1095,2023-06-19 09:27:46,28-405-6267,01HD76C9ESJ1VXPKM6JZVV578R
01HD791HEVNKXZECEYCJABWP9X,Cash,1273,2023-08-27 04:22:30,66-844-6237,01HD76C9D0RYF3ABSHPEZS9W74
01HD791HEWSDKPQRZ3QVM3J6BH,Cash,988,2022-12-20 22:34:15,79-367-6702,01HD76C94C08H9XHQ4S9A8B4J0
01HD791HEXWR6470T2KF0T6K75,PayPal,1162,2023-07-12 12:32:20,08-014-7618,01HD76C9P6Z9W557E13JX17TME
01HD791HEZA7CTSZSGP2R0GNDB,PayPal,249,2023-08-13 08:09:13,95-805-5320,01HD76C9Z9KTZ7DGFSMDP3EQS1
01HD791HF05SH7YMN2P19RPZKF,PayPal,686,2023-03-31 16:04:07,05-788-0970,01HD76C9HRB7EB53NGW7GPYKEW
01HD791HF17JS6DYD0PDGN2GWV,Cash,1730,2022-12-19 23:42:21,52-565-2310,01HD76C91FZ1R6NX88EYM3G0MM
01HD791HF2KXVX8CMDVXVMQC6E,Cash,629,2023-08-21 11:41:41,92-527-8566,01HD76C94K5WWXG0CWAWXD8187
01HD791HF3GPYFCVWJV7QGC9C3,Cash,658,2023-06-19 04:18:21,78-945-3619,01HD76CA87NQNAXAQ1FN3MC4D9
01HD791HF3QZCSBA48TT8G588E,Cash,1672,2023-06-08 07:45:09,46-267-1421,01HD76C9H3F18VMRG2R0XBQKQ6
01HD791HF4GK9B14A222WEJTBF,Cash,529,2022-11-21 23:21:45,62-543-4219,01HD76C9BVPKR0VDP491Y09SVD
01HD791HF5PRNYY799S4WTM5MG,Cash,204,2022-11-01 12:07:27,48-379-4259,01HD76C8YEWMM25FG2STF5WH1C
01HD791HF601KPVYAA8EX5KBB6,PayPal,658,2023-08-11 07:34:55,48-743-4456,01HD76CAGQ3WRHE8FC189C2Y7B
01HD791HF764B83410SYKCVXQW,PayPal,1864,2023-04-29 01:16:08,52-601-6198,01HD76CA9VMD3NBPN21WQHSPAA
01HD791HF8FSFR0MVR0XKFRWM3,PayPal,1221,2023-02-14 22:40:49,08-508-9737,01HD76C9T7PQ4R1QA0RVE6534M
01HD791HF9K2236HFWV556MA2K,PayPal,1410,2022-12-28 20:49:31,69-040-1134,01HD76C900ZJWPK6RBQMWVB781
01HD791HFBKX8HGKCMYMPQJ2BF,Cash,1020,2023-04-01 03:40:13,63-905-1258,01HD76C9TVEM9F3VY1F7K10582
01HD791HFB88XN4QM659KVX065,PayPal,238,2022-11-08 05:19:37,20-602-0615,01HD76C9CEPS0RPXY9CV3XGE7W
01HD791HFDR8Q279SNF4TAS8GT,PayPal,559,2023-08-20 21:56:02,26-919-7182,01HD76C94RYYWD1WH0HJPY1SG4
01HD791HFE1VZQ7JR4SJ45GBFV,Credit Card,339,2022-11-30 19:10:15,11-115-0123,01HD76C9V69M23Q1YX8N5X45P4
01HD791HFF3CQJDBSCC2Y0Q8VN,Credit Card,1105,2023-08-04 14:30:33,45-614-9429,01HD76C9WDKN9XXTG91Z5TNB6B
01HD791HFGKT6N35DDF64ZJB8P,Cash,672,2023-01-14 19:38:41,55-031-3725,01HD76C9S7NXQF527FKFFT024W
01HD791HFH6KW9FZN7STZT2B4J,PayPal,1721,2023-09-25 23:53:14,17-982-7659,01HD76CAH8EEQ5MFZMVP12F1SM
01HD791HFHNZHX1A7MFH0PE43Z,PayPal,121,2023-01-10 17:23:09,07-108-7569,01HD76C9CX918PSK5FQSQDH2JA
01HD791HFJTZ46YWFVNMXRYCXJ,PayPal,1469,2023-03-22 10:09:38,74-157-2463,01HD76CAD0DA26VWM4TT39PBZF
01HD791HFK3N3V00J51DNXJGDA,Credit Card,1548,2023-02-28 06:14:49,55-988-6838,01HD76CAGNP6NCRHJFSC4FPRZP
01HD791HFKNGY231VJXJHJPPSX,PayPal,492,2022-12-15 20:08:16,10-006-4655,01HD76C90ENX56YYGYWNJF9NWX
01HD791HFME1FF7SE4MWQXWGRE,PayPal,1246,2022-12-21 00:09:38,31-808-8524,01HD76C8XV98P7D3RBH2765MNX
01HD791HFNKHTFQXX0DJRZ5BGB,PayPal,392,2022-12-08 02:34:58,84-485-1706,01HD76C922WKH3FB58FHZSK3MJ
01HD791HFPXHNGK33AWJ4S7M7J,Cash,432,2023-09-02 20:34:47,79-958-4091,01HD76C9WXVHWW03V4CZZ6FXX6
01HD791HFPJG0XHCXP9BY876EK,PayPal,1760,2022-12-17 08:25:16,93-061-4828,01HD76CAA10A06DTNSZ48R87M7
01HD791HFQ79F56TZDZ6BY0AAZ,PayPal,1686,2022-11-03 02:01:23,79-639-3341,01HD76C9VYYN1GS7AADND0RY3F
01HD791HFRHRTV6H6F7D484DBC,Credit Card,1244,2022-12-18 19:25:21,20-438-8861,01HD76C9RFQSZFG2ACTVZA3FPR
01HD791HFS2GJSQPW5QXVJB73N,PayPal,701,2023-03-08 21:20:52,27-775-6993,01HD76C97YRGT9RBG351M4ZD2Z
01HD791HFVX70T8ZN85FZZHC79,PayPal,1429,2022-12-27 09:10:22,90-197-5865,01HD76C9GDTQ4NQMP5HA85KHKR
01HD791HFXPFJBV12SMWHKT4BE,Credit Card,1270,2023-02-28 18:57:11,31-796-4737,01HD76C9Q7JNNCEKZXPB938AD1
01HD791HFY5093W6RXXF07F8PK,Credit Card,1031,2023-07-22 21:28:00,38-684-6424,01HD76CA63EMKWD118MKBNN9GR
01HD791HFZEYTVRFCHZYK6RJK9,Credit Card,1101,2023-05-07 18:30:14,79-429-5193,01HD76C9PTHKN9WYVRBANG1HJT
01HD791HG00YZC87ANKCYGMQQF,Cash,1174,2023-04-08 03:04:39,90-424-7054,01HD76C9YGAP3EYGKHBM3T84F1
