Shop_id,shop_name,shop_latitude,shop_longitude,daily sales,order_per_day,cust_id,order_id,emp_id
05785,shop 7,-34.6504677,-58.5613439,475,12,80-434-6047,01HD76CAAB8JG3HVHAV6G2MQJY,800
1,Shop 2,47.343506,6.309262,281,19,44-735-6750,01HD76C915KVM5250ZAW3XM5TC,731
9,Shop 2,-7.5450262,111.6556388,319,8,53-832-7451,01HD76C98H0CZ17GPYPJEKRNTJ,966
963,Shop 2,-18.7942434,-67.0464591,351,8,77-600-7467,01HD76CA1KFVV7J4JMX9N305DV,312
49349,shop 5,15.9866126,120.3656906,395,19,03-810-8711,01HD76C9JGC4TM4N23BEGRERMW,329
4,shop 8,-3.0443341,-69.097023,137,9,42-942-6729,01HD76C9NWCK0P0H0X17FFAKM1,210
782,shop 9,-34.6833725,-58.429967,128,17,65-091-1700,01HD76CA5RYWF9JWQA3HGMJ8KQ,377
57788,shop 7,43.7071168,44.643763,370,18,91-646-2955,01HD76C91PDMWH2G1F4A5J0BRJ,777
53,Shop 2,-6.4991921,106.8915948,413,18,59-255-0251,01HD76C9K2Q14GAGR0CJHV666Y,368
0,Shop 1,-40.5761897,-73.1149469,175,8,83-316-0161,01HD76C9EKB5TBJYYEGYRPB0QB,296
9,shop 5,-12.257739,43.6723087,344,14,00-158-5165,01HD76C9RB5GF6MTRAMC8Y5YE7,401
6,shop 9,37.8512533,140.6090975,386,17,68-708-3209,01HD76C9MXDWG38KKWZPQ4A568,648
9,Shop 3,47.5155739,40.8140313,196,15,88-353-0526,01HD76C9WCHEE536G2T6S4FSGW,879
9213,shop 10,58.2031055,40.1130016,446,19,87-588-5331,01HD76CA721DF89SZ6XYXE2KV5,996
2,shop 5,-41.1254857,-71.2485941,140,18,75-126-2315,01HD76C8Z574Z43S43HH852BRK,288
08,shop 4,36.7225782,25.2825598,446,7,42-253-6336,01HD76C9C27FG09Y319JR7H4P4,443
31585,Shop 3,41.0606685,24.0475546,387,7,56-671-9304,01HD76C9FWPGY6SVPEGYV9N6JX,204
9491,Shop 2,24.9372186,118.6422409,418,15,27-537-5740,01HD76C9FYQT79JRSTD6VYSAG9,248
5370,shop 10,15.2904851,-86.9135745,499,8,98-922-4492,01HD76C9AX8D0NZ71D4HAS879X,741
6,shop 10,12.0166664,123.6833344,489,17,71-412-7986,01HD76C9A92BQRKJ34ZP6X1A2J,697
53105,shop 8,39.3547141,67.8569785,417,14,00-867-8155,01HD76C98Z18T38MF9PJ2H6RJ3,95
72,Shop 1,42.9577803,19.0943627,210,16,75-314-3365,01HD76CAG5R5MC1VAX3ATEZG25,545
50,shop 7,34.262709,108.355232,261,18,52-675-0383,01HD76CA76P4QDC60HF2BES3DZ,45
2329,shop 7,-7.9675395,112.7032945,168,6,93-076-6260,01HD76C9SPXP930M3KHR2YYV64,813
5,shop 4,52.5643,31.1364,170,6,28-843-2679,01HD76C9E3HT6AN5D3RMA3S5JY,380
62412,Shop 3,44.0328,42.8813,311,13,35-144-2185,01HD76CA0NPFQG97AH1V373E2A,307
69,shop 7,14.6587588,120.944359,306,12,41-219-4095,01HD76C9EFTVHF0QDZ4PDTC84J,859
9,shop 5,36.628305,101.765843,357,10,44-598-0642,01HD76C9JM58KE0F148GXF1ZEN,576
79,shop 10,52.1155638,16.3514938,457,16,50-677-5047,01HD76C9KH698TP2KJXFSDCW8Z,307
80,shop 10,41.2918839,-8.1963545,231,15,40-828-7824,01HD76C9VFP9YC8QHVFQG25KV5,381
8905,Shop 1,-16.4962793,-68.1372784,247,12,52-180-0248,01HD76CA4JGV2B9H0T2SSY8HJE,806
24388,shop 7,40.0580479,116.3333034,469,12,88-005-7964,01HD76CAH1B2N4NR0MVAS4K0DF,141
4968,Shop 1,48.6769923,22.3927591,347,15,79-260-9666,01HD76C9YN92SMWT3CNTF3TZCY,824
3714,shop 6,37.775349,117.385256,386,17,48-386-2066,01HD76C8YAKRNCWMPDSBJ484P1,737
16,shop 4,56.6226418,15.5189476,467,10,26-270-7279,01HD76CA5QSD8JBJHDMRV3Q82X,57
82,Shop 3,29.686366,89.208761,104,9,13-071-3647,01HD76C90B8VZJXD0BQFWC6R4V,507
09533,Shop 3,-7.3532,108.01,275,12,57-850-9206,01HD76C93EQS2VA2HAX1DFXE4Q,638
072,shop 7,40.1976461,124.5351538,443,5,23-883-6224,01HD76CACKGM7TNTKTF40216PP,76
5362,shop 6,50.2154468,16.2722098,331,18,05-695-5477,01HD76C8ZW65N1AZVM3WERYKJ8,702
717,shop 5,-23.0743544,-44.9561012,493,17,77-737-6878,01HD76C9GT1QJF8PARD9GJ7Q4J,623
5748,shop 4,40.5315848,-7.9522138,313,17,95-755-3753,01HD76C9E3HT6AN5D3RMA3S5JY,870
2,shop 6,-10.1916603,120.7005044,291,18,27-159-8327,01HD76C903N9DP72JAZ4DC6CBV,124
94183,Shop 1,-7.7595897,110.8344302,398,17,03-374-6495,01HD76C9260APBRCZXZ00NR7JF,174
71748,shop 4,-6.2167736,106.5230542,419,5,65-907-5687,01HD76CAE66KDN8XBCQKSKTMS9,383
80230,Shop 1,23.284628,116.268675,374,5,11-141-0141,01HD76C9YN92SMWT3CNTF3TZCY,788
4602,shop 6,51.1334208,71.4655758,141,14,39-621-3783,01HD76CAFSMFC5G378PN72008C,525
906,shop 6,-6.3413734,106.5495683,195,17,04-691-3128,01HD76C9FYQT79JRSTD6VYSAG9,548
6,shop 6,50.6548909,26.8652271,192,8,79-429-5193,01HD76CAGNP6NCRHJFSC4FPRZP,641
39,shop 10,-7.382645,107.7458559,413,20,59-420-6347,01HD76CA136DQ3C8JRV9PSDCSF,649
2404,shop 8,13.9013242,-87.1996084,341,13,61-169-3067,01HD76C8YWSD5HTDM7CGZCC7Y0,298
3,shop 9,54.8843032,38.1642604,457,15,69-937-7325,01HD76C8ZYDQ8EBK5FR8402F14,373
4126,shop 5,11.7928739,7.6168439,262,16,03-376-5597,01HD76C90ZAGEQP9CC1BE2WY7H,114
99721,shop 7,-8.906419,117.7395532,246,8,83-919-2237,01HD76C9KN4TXZYQS1MSTH8X53,931
24629,shop 4,8.0093062,-62.4015536,170,12,53-016-6972,01HD76CAE0W0VE9QFE3S4MWVR5,216
092,shop 8,5.4373199,-2.1401139,374,19,00-482-5825,01HD76CA732CNBG9NVH85QB7MS,648
55654,shop 10,41.7721061,-72.7038047,488,11,05-958-0705,01HD76C9701VR0XT7CZD4S5RNP,146
6615,Shop 1,51.490189,5.4711208,470,20,83-608-4927,01HD76C9CVAS6JPADQANNC3AHD,549
33,shop 4,14.9192781,100.2905604,185,5,65-889-0576,01HD76CAC9HCAV5C7TBKTP7AMA,240
6,shop 9,33.5810958,71.4303404,199,14,40-491-5814,01HD76CA6E6PQDM83MC55WD9EA,517
52059,shop 5,39.0860093,-94.6321217,435,6,45-947-5148,01HD76C99ZYQRHXSPQTKKPP9H8,114
2,Shop 2,23.106401,113.459749,283,10,58-689-1328,01HD76C9FXR69MWX8ZK507ZYHM,433
503,shop 6,41.6137961,42.8762335,471,19,33-795-6781,01HD76C9WDKN9XXTG91Z5TNB6B,548
221,shop 5,51.1907529,42.2463427,441,6,74-155-1549,01HD76CAGA9W59BZCE9K2P4VD7,445
2,shop 8,34.6672527,70.2117178,445,20,49-531-2184,01HD76C9GSFCCJ7MJWTZD0GT5M,441
92,shop 9,27.661918,120.565793,256,15,19-723-0512,01HD76C988ZC1AR1V1222SBRYC,547
5,shop 4,35.761829,115.029215,409,19,47-947-0827,01HD76C93B5K48F1PV05Q4QJXP,332
1,shop 6,28.220406,121.038129,468,7,18-934-4600,01HD76CA92J779H4G2YSDHFXH6,258
3068,shop 9,28.8828809,118.4675515,215,8,24-187-5199,01HD76CA47BYVKMB1F96NAAW6K,502
1,shop 5,26.491105,107.589359,475,5,31-187-5650,01HD76CAC67V51AJRGQY44ZPYK,431
424,Shop 1,28.6569553,77.2122028,480,17,58-390-6048,01HD76C9D73JBH4QKB2KDCJEZE,647
11439,shop 9,45.0827061,18.5064033,273,20,23-587-4872,01HD76C9DW13RX43CPASEYP5SH,705
319,Shop 2,23.199183,113.256439,490,14,94-412-8057,01HD76CA7WYZ5982YMTK22FCDM,966
71,shop 4,6.009544,80.780153,239,5,40-963-8446,01HD76C9KRE96W5765EXW3QD5H,112
5,shop 5,-14.2234,-72.194618,118,13,85-586-4833,01HD76CA5XJFFQ4SVRFA50P1DV,59
7,shop 6,-7.1432,114.3603,183,6,45-710-0373,01HD76C9QGXTVNNQSWVS8XQFAF,94
611,Shop 2,45.448409,-73.858939,419,6,69-308-2579,01HD76C942SDKRJYT1JCM9AYJK,635
5,shop 10,32.149961,34.8838788,448,16,79-693-9589,01HD76C8WZE6FVA6QPDNFVDPME,404
39,shop 5,-20.0325016,-44.1411883,202,12,35-163-1924,01HD76C92H9CGS9TYMDHWT15HN,44
2506,shop 6,44.6677818,19.6519918,373,7,02-015-9342,01HD76C9H6VTE6WXCYZT5613JF,186
121,shop 8,-34.4979812,-56.0389343,356,15,88-388-2861,01HD76CA95YEXR2KQA5ADSEX4G,180
44,shop 4,11.2975389,6.4956455,314,11,75-759-8840,01HD76C9S7NXQF527FKFFT024W,226
09,shop 5,30.677233,121.015142,215,16,67-443-8523,01HD76C9HS4GEV8JAQ0TEKCRKY,629
11688,shop 9,-6.6876798,111.4782661,358,12,04-699-9560,01HD76C9YTFSVEX3SAMN3WQM4X,40
9112,shop 5,50.75425,86.13414,394,8,46-343-3137,01HD76C9GXHP2ECB60WWJM6YJS,639
720,shop 5,28.852393,85.297534,131,9,75-163-5629,01HD76C99ZYQRHXSPQTKKPP9H8,578
02,Shop 3,10.584981,-62.3037176,499,20,41-876-7985,01HD76C96MTV7AJD2NR0CR3C7K,107
544,shop 9,7.4833333,146.325,369,16,10-174-7765,01HD76C90YNEQF9JWQC5JRTA1Y,55
5,shop 8,6.7911741,-77.5504779,386,16,49-081-0864,01HD76C9205XGA2PD4KVWJQP12,940
8,shop 9,57.6888453,11.9943311,145,17,94-608-2736,01HD76CACKGM7TNTKTF40216PP,717
36729,shop 5,10.3827887,-9.3118282,266,18,87-884-4470,01HD76C9WYW0FQJY0V1H1C6Z0X,914
98,shop 8,30.793647,106.074668,346,11,37-569-4798,01HD76C9T1KK2H152MMVYVANG6,810
0,Shop 1,-6.9322,113.0284,403,20,37-078-5791,01HD76CAHB8V91H3VZEECS23PK,2
26753,shop 8,50.7140155,14.7099785,425,20,92-723-3417,01HD76C9V69M23Q1YX8N5X45P4,2
27,Shop 1,59.0433753,15.8709393,410,17,55-988-6838,01HD76C9ERZ3VXZ1G8N6553ZFA,129
1777,Shop 3,-13.60277,-71.7676089,196,7,97-323-1908,01HD76C919M06P1YEAB6PRMN3H,47
396,shop 10,16.4306671,100.1255164,267,12,10-803-3917,01HD76C9ZFS4HK7GF00VDBAFFQ,265
07873,shop 8,22.672099,113.250897,179,7,35-671-5959,01HD76C9FYQT79JRSTD6VYSAG9,842
3,shop 8,-37.7068442,175.1468145,147,12,50-025-0926,01HD76C98H0CZ17GPYPJEKRNTJ,142
7,shop 4,42.9963758,21.944034,228,6,64-380-9629,01HD76C98H0CZ17GPYPJEKRNTJ,695
68,shop 9,-8.1405443,-36.371496,315,6,53-315-7848,01HD76CA6650BZRDMEZ1E69DYP,753
90906,Shop 3,52.3811357,4.6419648,259,7,20-182-6669,01HD76CAFH4CAG3DYVWPC1V092,492
6265,shop 8,39.9481364,20.0955891,407,16,84-424-6678,01HD76C9P2MNNYMT2HHCZM09WY,824
15038,shop 5,59.412262,5.2978064,367,8,35-140-2314,01HD76C9DFT5H3YC7MY5Z1QCM6,534
828,shop 6,-8.189186,-77.319061,269,14,95-805-5320,01HD76C9JXSWQDTQVMFHSXFSZ4,175
542,Shop 3,41.2699428,-8.2236098,281,7,78-945-3619,01HD76C9RVYY6FWTG2WT7SM8DS,365
1,Shop 2,39.900314,116.40605,403,13,58-620-6433,01HD76C9T1KK2H152MMVYVANG6,306
259,shop 4,50.877972,17.4803923,467,14,20-802-1644,01HD76CA5HAGTASVFVPYK0FPBZ,626
694,shop 7,-7.6181938,109.1508428,404,20,05-298-4623,01HD76C9F7E60FXGJH7B4PXM9Z,406
1188,Shop 1,45.4331407,-76.3609305,181,14,62-220-6463,01HD76CAFPP3HPFP8FK73EZFHW,202
49,shop 9,40.3277798,19.4749941,228,14,09-498-1757,01HD76CA92J779H4G2YSDHFXH6,429
979,shop 8,47.931513,1.920754,159,8,31-796-4737,01HD76C9JDEYDVFV99MM8E868H,927
6418,Shop 2,59.2914848,18.0916533,446,10,19-920-2006,01HD76CA7P82QY7KJPGCRFENT5,503
540,Shop 2,39.953041,116.371207,454,14,83-440-4997,01HD76CAHPJ6B11BY72H0KMG6P,141
60,shop 10,23.027054,113.111203,469,7,88-784-3567,01HD76CADN1WGGN0CZ5BHQ687Q,487
55358,shop 9,46.0852466,18.3028286,394,13,63-092-5729,01HD76C979251VXAQPXT7757A4,773
127,Shop 3,56.0660092,12.7332992,143,12,58-293-2067,01HD76CA7Y6DM2ABKJDCA0RBVB,969
51,shop 7,9.8566537,123.1426191,428,9,18-722-1293,01HD76C979251VXAQPXT7757A4,592
05264,shop 8,32.790614,35.326882,375,5,09-527-4612,01HD76CA7ECDV6C5AZM2NJGN0E,492
20110,Shop 2,39.7177351,-8.5280694,289,17,79-446-2374,01HD76C9QGXTVNNQSWVS8XQFAF,962
8687,Shop 3,20.9570351,-75.7197039,226,16,98-961-0567,01HD76C96PHJYZGS8S57Q8C4E4,435
342,shop 9,-9.6593944,120.2761574,245,11,98-715-5277,01HD76CAE4HQX18GPMS9MS9R2R,495
42,Shop 2,-8.1966,111.611,192,14,00-215-3383,01HD76C985AX4JDDJK05NSRE12,884
3337,shop 7,40.8926881,-8.4460592,157,12,54-940-8932,01HD76CA5YJKV8YSTMC5D45FS0,491
890,Shop 1,36.759507,110.632006,300,6,73-651-9458,01HD76CAHD9M0HV9Q4MEB8PTCY,118
681,Shop 3,49.373049,35.461353,486,17,56-474-9200,01HD76C97MDCW8PHKT1M8PW1W0,326
36,Shop 3,41.1690927,-8.3593779,115,15,72-853-2735,01HD76CAHQ3YEWCAV0VGT314AJ,157
9,shop 5,52.5234718,15.4078292,465,7,32-269-3483,01HD76CA4A3XK0KWDWZ1X9N711,571
4,shop 9,38.3833041,69.2698737,115,12,45-560-6043,01HD76CACWX2C517C4F0C1PQ4Q,159
3507,shop 9,-4,33.7,324,16,44-430-7571,01HD76C9XB6XPVMZZ6MGD6CG1T,169
9519,shop 7,38.8974442,-77.0296868,182,10,47-751-1327,01HD76C9A433K7JM1SZQF9PQTN,808
19610,shop 10,41.8905758,140.6934778,377,12,16-255-9807,01HD76C9VRTX6W5K79A8147WSN,392
2,shop 8,42.654146,122.749282,148,12,61-209-0141,01HD76C9ZMTRA5DQMAN2VKX989,937
9,shop 8,47.5155739,40.8140313,214,10,83-989-1459,01HD76C9DRTKJFP4Q4CT2B5N08,464
41263,Shop 3,-2.0883269,132.1967716,325,6,51-960-5282,01HD76C9DSMC24DK20BFHS4KKE,570
5758,Shop 3,-7.7929433,110.3249238,123,8,54-270-5429,01HD76C93RAFQZ4H0QB7FEWWZQ,686
8,shop 4,9.8411782,123.9121342,206,8,05-917-8215,01HD76CAD4R3SJM00R6B7QX5S1,842
0559,shop 7,-6.4930095,106.3875898,385,6,35-984-3277,01HD76CAHFWX0DQQ558W4D7RWS,992
6,Shop 3,49.1055022,28.1576316,155,20,10-718-8170,01HD76CAGQ3WRHE8FC189C2Y7B,577
43,shop 10,50.0705922,15.1845475,175,7,38-328-1480,01HD76C9A433K7JM1SZQF9PQTN,689
29730,shop 9,-14.4485861,-72.0794063,358,14,28-766-7407,01HD76C9DW13RX43CPASEYP5SH,643
6,shop 5,59.3019771,18.0885223,271,20,38-785-2020,01HD76C8YHVMKN9B6X6RM878H2,216
5629,Shop 3,30.378737,112.649998,212,10,13-191-2623,01HD76CA76P4QDC60HF2BES3DZ,738
207,shop 6,50.057265,22.275776,177,8,77-293-3789,01HD76C9B9R7BMNPJ6XJ7YH97M,559
844,shop 4,-7.6646951,110.3189662,378,18,24-333-7040,01HD76C958RHCGRK4Y6BAHFWDZ,384
569,shop 9,8.1380673,100.1255164,361,16,93-874-0231,01HD76CA057QA4RA4T204QN89F,916
17893,shop 8,32.197328,117.210612,384,10,09-437-0478,01HD76CAEGKXDBN05VC9GKQX9X,829
441,shop 5,48.8952384,2.238154,399,15,93-808-1692,01HD76C9BB6GWZA8VR3PXPJP6C,602
28536,shop 4,-7.8100327,110.3592495,491,14,01-487-9348,01HD76C9D9T8EGQTD20V735JKJ,314
7,shop 9,-20.4894632,-47.7834888,127,18,65-696-3991,01HD76C9KWQ1Q6NX610AEMCFNQ,847
54224,Shop 2,47.8215045,7.540987,217,16,79-047-6277,01HD76C9JGC4TM4N23BEGRERMW,407
723,shop 4,37.4212157,-5.9251211,250,7,29-511-1962,01HD76C9C5GHE6B49GV2AHFZV2,103
0406,Shop 3,10.1769828,38.1239492,264,5,13-147-9871,01HD76C9WJP2VFWWPCNGBJX0D0,668
7,shop 4,29.276391,109.709717,226,11,15-645-8144,01HD76CAHJGBTCC3915756TQEY,525
8,shop 7,24.749307,103.271467,277,19,91-834-2331,01HD76C983BZ1CRSMEFKXS21XG,23
8,shop 9,38.0434058,-121.2969674,175,14,66-580-8434,01HD76C9F1CZTK8A0AM4MHQ426,47
61587,shop 5,-10.6631,123.1415,401,14,69-614-5900,01HD76CAHKD9WZ7ZZ6260YGDZY,47
21,shop 6,46.0457437,14.8410058,285,9,61-285-2837,01HD76CA4P4VF3JP827Z5HR77T,955
9991,shop 9,49.522946,16.2614713,190,20,25-467-6288,01HD76C99GDZF8P7ZN48CM0X7V,34
69,shop 9,46.6202927,-64.386599,233,10,04-574-3556,01HD76CA4MQ38C2TQ63HW34BG8,890
683,shop 10,23.701262,117.430061,322,13,55-645-7270,01HD76C9VTBQJ5118QRS5F39YN,155
9316,shop 10,38.530028,114.976639,243,11,53-293-9694,01HD76C9TVEM9F3VY1F7K10582,531
1321,shop 9,7.6730918,-5.5722297,122,6,03-618-3741,01HD76C98CGAMVR862WJ2RJPJH,699
49,shop 4,30.837881,114.13334,373,18,83-249-7071,01HD76C9RRC0NK2AWDBANQB2Y3,373
6321,shop 5,42.65,-73.76,326,10,05-131-6156,01HD76C9BC3NZ6H5JGJCE0FJCK,81
71,Shop 2,34.9002535,33.6231723,102,8,27-789-4299,01HD76C9FA5SPTT1Y0WSN408DK,275
0301,shop 10,43.5251666,-5.6379087,410,17,07-027-2817,01HD76C96TW6KCZF5T2SF42PWQ,977
29,shop 6,8.1513421,35.5356866,328,17,89-765-9334,01HD76C9GNXGKX3F3A9MSJC889,39
9361,shop 7,13.0748879,120.7213113,120,5,04-936-3693,01HD76C9GNXGKX3F3A9MSJC889,318
7,shop 8,-31.3950849,-64.2390612,119,10,83-354-0086,01HD76C8Y252BXDS9YGBWEVX0M,155
978,Shop 3,54.1491581,91.8814443,368,17,28-547-6521,01HD76CA8Y6042TV2Z2BT00CP3,203
8,shop 10,18.7915629,100.7832784,312,15,88-487-4016,01HD76C961QSC8KS21V2HAFNMS,347
45131,shop 4,40.3159517,-7.9013121,310,6,21-983-3735,01HD76C9EJT3FXXBYYM97YTY04,413
54548,shop 8,42.9202891,-78.7589558,301,12,11-062-8008,01HD76C93K0C2WJP185EPNBGE6,854
426,shop 4,48.0724737,7.3469006,340,16,28-783-2450,01HD76C9YC68C51C621F9NZ7PH,442
730,shop 6,41.3643024,48.5260928,215,7,59-744-1794,01HD76C98209T64SRZY6DRT9CD,426
69,Shop 3,2.389011,-75.8942469,327,5,73-277-8627,01HD76C9C5GHE6B49GV2AHFZV2,441
69,Shop 1,27.320917,111.458656,483,19,71-903-5840,01HD76C90JYTXS8CP6EBVRC57E,315
04239,Shop 3,-8.5453,115.0752,159,9,56-444-4257,01HD76C9K7HGCN4TFJA5C7ZXZ2,253
4,Shop 3,40.4776836,45.0525325,405,18,40-825-0051,01HD76C9PD68QJ7V2VCX8GDE2B,52
7,Shop 2,47.49476,8.740263,120,11,54-378-1366,01HD76CA47BYVKMB1F96NAAW6K,934
1,shop 8,40.6108358,43.1000425,148,10,05-762-8911,01HD76C93XAF6WZNZDHWH36TCY,190
72,shop 4,16.4336105,120.3435365,359,20,10-758-6086,01HD76CABX7SD3XZ26RQ3ECJHK,755
46,Shop 3,2.7439024,98.3143192,425,12,81-350-3787,01HD76C9097JHF0W7C3P6FFFHY,835
63006,shop 10,32.009016,112.122426,372,18,84-848-1658,01HD76CA8EF74ECDJBP24SZHRP,308
72,Shop 3,29.9188786,121.8108521,387,12,74-755-0062,01HD76C9G7ST6NCJK02MQWQH8Y,312
0,Shop 1,40.179599,112.891988,365,7,33-877-5661,01HD76CAJ3QNK3RK9T33GT4EGR,160
5673,shop 10,53.0475258,90.944621,252,20,54-740-3091,01HD76C9ATX0WJYT5G9SHGF4D8,955
15351,shop 10,32.990664,112.528308,154,13,83-592-0462,01HD76C9NY8GPVTZH0RWEX9Z3J,436
08779,Shop 1,-6.2291489,106.8548083,278,9,86-634-7673,01HD76C9QBEZZ305YABZXDDX2Z,358
44,shop 7,40.69,-73.81,441,16,37-575-0819,01HD76C9Y65HQTHPKYZCJYPQ39,335
6,shop 6,15.661003,-91.430201,121,17,36-873-7954,01HD76C9Z0XFFPZ8K1FQ2PW7AG,55
637,Shop 2,39.912288,116.365867,482,16,52-661-1150,01HD76C9XTQA71SPCT9CK7YB3R,704
30,shop 4,-27.574998,-50.1626664,481,20,81-371-3443,01HD76C9YPGNMDXB0RRZC01NG0,117
45258,shop 10,67.1466984,-178.7494469,355,13,82-059-5589,01HD76CA7D6NJJEVK1DYARHJ12,922
82811,shop 6,58.249304,57.783316,321,5,95-283-1007,01HD76C9Y28J4EWFG7YPYMM04W,573
62927,Shop 1,27.622768,113.854556,335,12,92-772-5933,01HD76C8YPM8PRDVABCE97J574,770
6,Shop 1,51.954075,85.800614,450,19,02-189-7988,01HD76CA04H76GNVEAVM65J7B4,793
212,shop 6,49.8752681,14.6777303,255,13,19-670-3854,01HD76C9BMJR2WNWGGESFF4WPY,767
65,Shop 2,-7.5957387,108.2881709,213,19,38-430-1425,01HD76C9GSFCCJ7MJWTZD0GT5M,412
01,shop 6,29.519664,116.854021,434,14,85-580-0785,01HD76CA7G237QV430PWXWH8X4,790
2951,shop 9,21.857958,111.982232,122,7,76-316-2065,01HD76C8Z3Q17B7TQCJVEW82T0,924
787,shop 7,48.8168007,2.6402346,404,19,11-208-2407,01HD76C9QGXTVNNQSWVS8XQFAF,960
43,shop 9,38.963066,100.177294,455,13,26-261-9847,01HD76C9AYPXPW5NYJ3ERAV33Q,874
17667,shop 9,14.8043413,120.8805975,480,19,88-401-5332,01HD76C91XB6VW03ADZ3F1FGY9,519
998,Shop 2,40.221132,115.415805,203,5,54-857-7178,01HD76CA1CVB0DXVACRKMAWKJM,515
130,shop 7,9.3140186,123.3026369,260,20,98-012-7631,01HD76C9TB1700CYEHXM0MK7PW,864
96230,shop 4,54.036802,48.3304944,496,11,94-555-3152,01HD76C90YNEQF9JWQC5JRTA1Y,944
3972,Shop 1,44.840524,82.353656,168,12,53-259-6643,01HD76C9EDKKN36GNY3CV1VZK0,7
99,shop 7,-8.929933,-74.7059059,437,9,53-108-5338,01HD76C913TA6CM69PBQH6CMQR,21
226,Shop 3,-10.1496705,123.6539405,455,19,69-976-1125,01HD76C8ZSGR1407N9BPA2CBX1,855
98411,shop 7,-6.4306844,106.7175669,435,6,76-110-9956,01HD76C91JSEPHJPNJKWJ0BKAC,395
425,shop 7,29.4110744,71.6420004,269,19,96-890-5983,01HD76C90N4KFBEV28M71FHQXS,610
54337,shop 10,27.9408161,-101.211296,103,6,14-004-5881,01HD76C9RC4XZ0ZFVEGKD6RRJ7,339
260,shop 8,55.6842625,37.8548295,448,6,43-121-2238,01HD76CA89YKR1E6RD83N00AHP,664
357,Shop 3,24.765091,110.506663,142,9,20-745-0712,01HD76C9YGAP3EYGKHBM3T84F1,32
2807,shop 8,53.4698755,35.0963837,322,8,10-194-5158,01HD76C942SDKRJYT1JCM9AYJK,394
842,shop 4,31.746017,120.803452,166,16,03-884-4723,01HD76CABDSKJWQ6K6C8J9GTTB,579
48379,shop 4,53.4513,17.5316201,372,16,31-312-8816,01HD76CAHPJ6B11BY72H0KMG6P,420
4,shop 6,48.8120404,2.2718631,261,18,64-914-3469,01HD76C9Q367DBZTBCNQRG5VJK,715
45,shop 5,52.359151,5.1999127,272,9,04-012-5215,01HD76CA4GQHFZHNHS0RXTW1ZZ,739
0,Shop 2,-0.3208374,32.2937428,411,7,60-518-2061,01HD76C8XZGSGWGE8HBJPSP6D4,755
068,shop 5,-20.7371116,-48.9110606,114,13,61-556-9696,01HD76CADW7599HX50XSHN5Y6D,140
33,shop 6,36.2863829,120.2504861,153,14,28-183-0664,01HD76C93XAF6WZNZDHWH36TCY,511
80,shop 5,13.292049,19.6907146,459,13,95-425-7061,01HD76C9NP20RG21TCB9K3G30J,174
7,shop 8,43.521619,-96.722641,455,6,95-068-5164,01HD76C9MPAD28215BC4S3PWP3,1
0562,shop 8,32.0860889,-7.0552218,146,15,13-012-8396,01HD76C9H0VWGQZG92JZB5WHHA,532
197,shop 7,50.4398775,3.3941571,426,8,78-217-6339,01HD76CA711WMW3GY8DPGD2TSH,29
34,shop 8,34.681962,-1.900155,102,8,65-971-5320,01HD76CAB3XAGPC2STCK3YJZ63,446
71976,Shop 1,9.2610401,125.9638162,170,10,27-880-9422,01HD76CAD4R3SJM00R6B7QX5S1,801
1,Shop 2,23.020673,113.751799,424,16,49-410-1564,01HD76CA90VDMW1TB1Q84P69DN,606
73311,Shop 3,25.710538,116.754472,385,7,24-299-2229,01HD76C9H0VWGQZG92JZB5WHHA,290
924,Shop 1,6.1097207,102.2462087,483,5,91-577-4615,01HD76C98CGAMVR862WJ2RJPJH,927
409,shop 5,0.9024684,120.6545022,160,6,01-308-6011,01HD76C9260APBRCZXZ00NR7JF,285
8337,shop 9,23.018033,-82.3343375,345,6,60-693-0098,01HD76C9EFTVHF0QDZ4PDTC84J,7
5279,Shop 1,43.6805415,40.2100333,276,5,68-353-5085,01HD76C9S2E4E06N0GMYBGJ5QA,132
330,shop 10,-7.4515784,108.1888771,173,12,27-869-0775,01HD76CA3MAPY3EE9T7GN2Q7H0,319
587,Shop 3,26.207631,113.767529,138,18,60-249-4083,01HD76CA4VNQVAC3TA04PM46BG,177
9,shop 5,42.1023509,20.2325862,120,18,85-340-5013,01HD76C9DKSJWGTT5BM4H710KX,170
22172,shop 4,24.745135,100.824707,183,14,14-910-7366,01HD76C9YZ788V91VT2C56DTB1,74
370,shop 9,46.5010451,15.1077845,399,8,10-669-4411,01HD76C9PAT2ZA289VGVS29TWX,734
93,shop 4,14.6925714,121.0468246,299,19,95-684-7073,01HD76C98GGVZJ3EMVS0E3NCCR,232
914,shop 10,-6.7513288,105.7527221,156,7,26-908-3404,01HD76C9AVMJDHV1DB4J0H14ZV,199
84305,shop 4,26.41417,109.10222,338,9,99-936-5153,01HD76CA5ZPBJZ1JJRNMZ81EGQ,1000
35,shop 4,39.630867,118.180193,288,16,00-044-7083,01HD76C9B4JQFHMR487VXEWPHA,968
8,shop 4,13.5336211,-14.7695962,469,12,33-993-0353,01HD76C9CKP34B72E620N09MYJ,13
0,Shop 1,-18.8424187,-42.8247877,396,16,53-173-7090,01HD76CAHG81E7J33MG0P3R6FZ,108
682,shop 8,22.791223,110.454459,163,13,29-508-9076,01HD76CAD6CCX7HQ3V2SNQWR6T,970
3641,shop 7,54.6041651,24.0304672,255,15,35-951-1280,01HD76C9VYYN1GS7AADND0RY3F,447
4246,shop 8,41.0911538,44.6590356,337,20,98-888-9892,01HD76C97S98CXQC75MRKXFVD2,140
60631,shop 7,-8.0914709,112.718192,354,5,50-370-4505,01HD76CA5RYWF9JWQA3HGMJ8KQ,520
1,shop 4,12.405227,121.990643,314,18,09-227-5941,01HD76C9MXDWG38KKWZPQ4A568,977
9,shop 8,25.558201,103.256615,427,14,16-788-4374,01HD76CAH4R9SRAA8CBB6J1HCJ,36
9454,shop 4,33.347316,120.16366,180,10,31-992-3876,01HD76CAH70098T45C6YWPX0YX,836
30459,shop 6,-6.8618504,111.971625,176,17,77-651-6629,01HD76CAD74X2STVSCK0H1NABY,280
63529,shop 5,14.2054868,-86.6069287,402,6,90-996-4257,01HD76C9EG98AGQDA67HQHNDR5,957
914,shop 8,27.6112399,-81.6621917,110,7,48-846-1840,01HD76CACWX2C517C4F0C1PQ4Q,772
8,shop 7,31.248842,88.417003,437,17,26-916-8529,01HD76C9AVMJDHV1DB4J0H14ZV,5
4,shop 8,37.9414132,-77.3472943,198,16,54-053-8095,01HD76C92TNK5MV90DVERQKQ69,921
2646,shop 6,33.881885,105.538243,360,8,48-007-0485,01HD76C9MMRTWEMNWS5FADE5P0,635
855,shop 7,34.620202,112.453926,282,12,20-918-2566,01HD76C8YPM8PRDVABCE97J574,136
1382,shop 5,26.0799319,-80.298025,333,11,64-481-3250,01HD76C8ZQ21571PM7BJMNWGK7,903
6386,Shop 2,22.843818,114.164223,336,19,82-786-9318,01HD76CA4P4VF3JP827Z5HR77T,65
0183,shop 8,14.5177485,120.5973573,126,13,46-623-8037,01HD76C9AGS9MEAD01VT6QRSVK,197
8317,shop 6,-8.0934,112.463,471,13,69-888-8374,01HD76C9WP1Q4QHRB1XFYA2P5W,397
00,Shop 2,54.3266413,40.8909987,440,12,51-166-9128,01HD76C93ZRAM2RMYB1J5GJV4R,960
587,Shop 1,40.4583824,-8.8018715,212,16,71-352-5172,01HD76C9F1CZTK8A0AM4MHQ426,650
8,Shop 2,27.027081,117.694969,180,10,16-656-6667,01HD76CADW7599HX50XSHN5Y6D,586
24,Shop 3,40.9921036,21.4232499,145,12,96-809-1510,01HD76CA489Q2MZ82N9KZV8VC6,727
7,shop 5,46.4050135,15.7947234,291,6,38-875-4902,01HD76C9BFFZ536EWV6Q533823,186
40616,shop 5,12.3211354,122.6736631,463,20,05-623-4531,01HD76CAHPJ6B11BY72H0KMG6P,261
39946,shop 10,15.82496,44.06204,284,11,68-970-9001,01HD76C9EC6Q71SCV82GRFXZ9K,61
984,shop 8,42.0288112,20.9969544,484,8,30-910-4673,01HD76C9S880CX60S8VATS1ME1,888
504,shop 6,49.2210669,17.5873433,115,8,81-358-1355,01HD76C9W15DH3Q72NVP5W6M9Y,282
95,Shop 2,-11.3462099,38.411369,407,15,46-890-9474,01HD76C9M94GS31EFTXEDXV274,817
199,shop 6,36.9746168,136.9251078,274,7,29-434-8514,01HD76C9XSC4N9XCQ94P408MFT,717
986,shop 10,-21.0106742,-48.2176007,339,15,67-585-2892,01HD76C91040NF4ZYH6E6463QC,685
9,shop 6,-7.6179234,109.1850317,157,16,79-691-7673,01HD76C90N4KFBEV28M71FHQXS,820
80,shop 7,-6.9654201,112.2443628,426,7,59-632-3282,01HD76C9JM58KE0F148GXF1ZEN,695
630,shop 7,28.074649,119.141473,255,10,17-874-0368,01HD76C9G95NFFAJDNEWYMBWSA,956
89,shop 10,30.677233,121.015142,361,14,16-635-8273,01HD76C908BH8KNERBB7SF4B7T,326
92,shop 8,-13.48804,-72.4493789,312,20,39-056-1451,01HD76CAHTB2B8PVR1SNEBMEWE,181
2046,Shop 2,-7.4703872,110.9387418,145,13,48-142-4942,01HD76CAEZT836R72E5YEP4DJ9,710
22205,Shop 1,-24.6399084,-53.1426814,342,5,35-114-1921,01HD76C9XDVPJF0Y5E70H2GBEG,287
5,shop 7,14.89511,-87.583038,393,15,07-198-5310,01HD76C9M94GS31EFTXEDXV274,212
890,shop 9,35.2099034,107.7918964,467,17,37-492-4172,01HD76C9P430P0KF1M6YQGZ99D,282
3271,Shop 3,36.7067342,57.4146531,347,6,12-676-6654,01HD76CA5YJKV8YSTMC5D45FS0,410
95,shop 5,-7.6611598,109.7976584,390,10,45-614-9429,01HD76CAGD2D3F6824RR68SF4E,664
053,shop 5,-23.6742228,-46.5436003,175,19,63-621-7935,01HD76C9DZ4B4FVB3X3M3S8N73,873
77934,shop 5,-3.565921,114.7855271,335,8,71-699-3303,01HD76C9DKSJWGTT5BM4H710KX,298
1691,Shop 3,31.264698,110.839164,262,10,48-794-6652,01HD76C9MGWEAR6EC1YS3KPNQP,421
7,shop 7,27.7772091,-97.4435441,184,16,85-663-1819,01HD76C9F8H61SE32W8ZDCJRTY,891
86,shop 6,-6.6242048,107.775465,444,16,65-480-2488,01HD76C9Y7YFEBT9PVKKSFNJM8,935
89830,shop 8,-9.5663,119.8145,369,12,63-415-4627,01HD76C90B8VZJXD0BQFWC6R4V,235
518,shop 10,62.1738098,29.2055142,130,11,38-684-6424,01HD76C9B4JQFHMR487VXEWPHA,738
2727,shop 8,-7.1550291,112.5721881,251,13,19-816-0087,01HD76C9EY05HWQR6RDY26A6ZZ,157
7258,Shop 3,29.689847,121.28259,322,6,21-702-7268,01HD76C9E3HT6AN5D3RMA3S5JY,719
7,shop 8,48.35874,118.14065,331,11,56-294-6873,01HD76C97MDCW8PHKT1M8PW1W0,453
85,Shop 1,40.1208803,-7.1636797,334,14,22-147-8904,01HD76C8YF7ZAE3W4CPG41HZRX,146
4594,shop 7,36.4045915,139.2613339,334,20,81-802-9847,01HD76C9F5GXZTPBPQC8XBHWT0,100
905,shop 9,32.993106,97.008784,344,16,84-900-0158,01HD76C99EAPN3EP58W178SMXW,103
2407,Shop 1,26.8310493,68.1194872,319,7,45-526-6220,01HD76C9DRTKJFP4Q4CT2B5N08,409
6,shop 9,48.3640578,23.2786949,241,13,58-731-1944,01HD76C9X006CE0WDV9KX6FEDP,693
056,shop 10,47.5202786,17.5142121,372,15,28-284-2497,01HD76C9M16Q1FAH4CJEZNJ2A6,714
2195,Shop 1,10.0445164,-84.4971588,127,7,10-018-8545,01HD76CA95YEXR2KQA5ADSEX4G,525
519,shop 7,47.9403226,35.4328125,269,7,68-317-5628,01HD76C8Y6ADYR09M7KZ2ZZEA2,750
49816,shop 10,30.515478,38.2216491,420,19,23-323-6135,01HD76C9RVYY6FWTG2WT7SM8DS,13
195,shop 8,45.95,102.05,411,9,64-664-4242,01HD76C8YHVMKN9B6X6RM878H2,865
55,shop 7,25.704872,102.942339,350,10,37-376-7552,01HD76C92PH881R5SJZNQHHG22,85
4,shop 9,41.7220316,25.3726469,354,6,73-302-9390,01HD76C9CC0YVQ70Q7RHJ8G5K3,509
9002,Shop 1,28.952878,106.837744,415,9,45-541-1959,01HD76C9VPHSD2ST270SGPZZJN,536
39,Shop 2,54.8539133,38.5734956,155,13,37-353-9743,01HD76C9GW6DEVYQFQRS07QGJ9,967
40,shop 5,56.412767,16.0115323,297,5,04-261-0566,01HD76CAHYW6XV6C8QGG0VMM9T,960
355,Shop 3,45.0169373,39.1009227,180,11,47-839-4504,01HD76CAC67V51AJRGQY44ZPYK,411
722,shop 4,7.1962805,125.4078017,131,6,14-413-0966,01HD76C99BV71H52XGKGKCBYRC,738
4,shop 9,38.243169,101.984648,230,13,42-196-6645,01HD76C9K10M9713XTEBC54K2W,416
70,Shop 1,39.2380562,-9.2807646,374,17,88-040-6865,01HD76CA3JGMD5R1VMKABPPQVQ,807
420,Shop 2,59.305486,18.0023078,496,7,13-403-4309,01HD76C9F1CZTK8A0AM4MHQ426,297
475,shop 9,40.9556823,22.0383248,245,8,85-294-0203,01HD76C95RG92KS6NQS8MGN9ZC,925
761,shop 10,41.5678915,-8.4219601,390,17,84-953-8670,01HD76C94HEVKRP51ACKKE1FMZ,814
5972,shop 10,39.5238734,54.3360001,186,19,20-291-9942,01HD76C9NR7R9E075FDPMG68KB,84
290,shop 7,36.334104,113.228852,178,19,24-753-7382,01HD76C9Q8HFK5BZ03KEBRBFQM,447
648,Shop 1,34.052996,-118.2548551,227,9,39-988-4542,01HD76C9WGRAQZ5AV0ADJZ517W,559
72,Shop 2,38.6087272,-8.7312777,319,11,14-887-9679,01HD76C9DSMC24DK20BFHS4KKE,386
87672,shop 10,11.183333,-12.933333,199,13,47-418-7413,01HD76C9NY8GPVTZH0RWEX9Z3J,775
1,shop 9,28.590337,105.697472,223,16,45-442-2428,01HD76C93ZRAM2RMYB1J5GJV4R,256
4991,shop 6,15.1042521,101.0768333,207,5,94-667-3543,01HD76C97BBSW9ZV91XW6ZSVCK,922
02640,Shop 3,-34.5875578,-58.6433296,282,12,08-508-9737,01HD76C9F4YM7SGG0VWXQ0TT03,841
23,shop 7,45.3815612,20.3685737,280,7,10-721-2810,01HD76C9KF88VAASKKH6DEC9VA,876
0,shop 6,43.3911349,42.9174509,124,13,83-962-9061,01HD76CA3ZZ2K895ENDR04RT6D,397
7727,Shop 3,38.042805,114.514893,434,15,81-934-0076,01HD76C9WDKN9XXTG91Z5TNB6B,39
451,shop 6,50.515804,115.126221,436,15,17-131-7045,01HD76CA03NQZKYW5RHR4W6CJ5,159
84,Shop 1,-2.4431287,114.2152731,480,8,33-192-4836,01HD76C8ZC5E7784A3BZG0X8AG,189
8,Shop 1,-18.0524283,44.0341961,227,17,88-036-1107,01HD76C947XZ58JQ688N5BVGRH,852
9924,shop 10,59.397367,16.4816867,406,14,06-318-5521,01HD76C9EJT3FXXBYYM97YTY04,537
9,shop 6,-8.2103859,113.4469459,441,9,69-149-6789,01HD76CACVRNVXZDP3F725XCZV,674
233,shop 7,10.6253016,103.5233963,143,6,58-558-0073,01HD76CAB3XAGPC2STCK3YJZ63,702
78232,Shop 1,44.5738307,33.6766146,466,11,38-084-7274,01HD76CAE95V8YX1QYHV26HNV5,954
5,shop 4,26.497765,101.738528,129,17,80-240-6766,01HD76C97RW6NHS053AWTRSM5G,828
3377,Shop 2,29.2378946,30.7913458,329,9,71-453-8970,01HD76C9N7X21J2DZQ188H6S7F,678
92617,shop 8,-8.3765619,115.1918802,396,13,03-374-4259,01HD76CA52NSFHQP6NC0TE7AHB,296
0,shop 8,46.3369191,15.4214708,240,10,90-515-2569,01HD76C8YPM8PRDVABCE97J574,345
6981,shop 8,27.644731,111.554576,246,10,13-496-0817,01HD76C9CEPS0RPXY9CV3XGE7W,91
8,shop 9,67.6955232,24.8590222,108,17,33-542-0273,01HD76C980EZ4HK53QBVXM4XQG,843
73,shop 9,25.227212,100.307174,295,19,70-780-2087,01HD76C9J76XPG85R2AAD4WBSA,139
7170,shop 4,19.0077085,-69.7320914,168,15,81-657-4576,01HD76C91VBGFAQ7MWVEHY2Y4H,543
58610,shop 6,45.8272842,20.4615173,251,6,83-414-3236,01HD76C9B9R7BMNPJ6XJ7YH97M,971
4,shop 7,-32.9413658,-60.652833,386,6,03-704-6401,01HD76CAACD22QETBS3E16R8NH,412
424,shop 10,8.2796966,-70.109113,458,7,39-982-6285,01HD76C9FNGRRQJ5XJNWE9GPWA,77
5,shop 6,31.624522,117.890354,356,17,11-126-0529,01HD76C90TQ4KR17SZDK9Z0KCV,468
55810,shop 7,31.823845,121.507229,300,20,13-365-4252,01HD76C9AVMJDHV1DB4J0H14ZV,377
135,Shop 1,19.3947363,-70.5263459,192,6,28-853-5270,01HD76C9VQC534ZR900JZFP6EY,783
1316,shop 7,-23.0582715,-47.0286422,384,14,01-676-9708,01HD76C9B7N647YZP6G0NFTB1D,958
55516,shop 10,50.0637682,29.9049684,154,5,27-672-8520,01HD76CA83EPPX5F5RYJE51XER,96
5319,shop 7,33.7654607,-84.38709,118,7,20-251-4257,01HD76C93XAF6WZNZDHWH36TCY,538
4,shop 8,-6.9965,112.8193,468,13,20-136-5480,01HD76CA732CNBG9NVH85QB7MS,112
43009,shop 7,26.630845,106.750625,380,13,88-553-6661,01HD76CA61FKZAWQ0TW6W2VP2P,752
859,shop 10,59.3449175,17.9492451,419,15,21-231-5690,01HD76C9F7E60FXGJH7B4PXM9Z,170
9,shop 4,36.075651,120.412392,237,12,26-919-7182,01HD76CAHM48DHS23Y3A6FK01D,457
69520,shop 8,35.275,126.50944,243,13,59-936-7527,01HD76C9WP1Q4QHRB1XFYA2P5W,396
80439,shop 10,40.42722,71.71889,423,10,01-665-3793,01HD76CA56H1TJ837K44SRZ4BN,282
8,Shop 3,53.7217952,40.0305734,362,19,01-728-1747,01HD76CAEGKXDBN05VC9GKQX9X,453
1233,shop 7,7.0878808,79.8986552,277,5,55-031-3725,01HD76C9FNGRRQJ5XJNWE9GPWA,785
71,shop 8,25.9868744,-80.2153998,127,9,94-602-6969,01HD76C9SEE8ZMT9Z3DVAN9HXV,506
06903,shop 7,14.4932929,121.0299006,131,8,52-079-4738,01HD76C9JDEYDVFV99MM8E868H,257
6152,shop 10,41.9844806,21.6211703,112,10,75-434-7036,01HD76CA3Y7ADKEB915V787R48,72
7961,shop 9,43.8499847,15.7667685,171,14,53-120-0485,01HD76C9CY9AEH99Q8C3ZJZ4WA,624
72529,shop 6,-38.0123723,-57.5938573,319,9,49-561-6334,01HD76C9QGXTVNNQSWVS8XQFAF,553
19749,shop 9,62.0772471,49.5698112,210,19,90-197-5865,01HD76C9PTHKN9WYVRBANG1HJT,962
21,Shop 3,40.087301,116.31098,404,15,84-790-9374,01HD76CAE0W0VE9QFE3S4MWVR5,854
98443,shop 8,26.694208,115.939083,397,12,26-434-3195,01HD76C96ZTSB2A8R2P548MD66,650
76859,shop 5,14.5910759,121.0191013,359,17,53-848-0593,01HD76CA7ECDV6C5AZM2NJGN0E,99
916,shop 7,41.7396715,-85.9262162,291,19,10-006-4655,01HD76C9GDTQ4NQMP5HA85KHKR,626
85,shop 8,33.13782,111.490964,449,20,39-089-6148,01HD76C9NJ2WJXV7BMEE03YW56,175
7,shop 10,-20.7430332,-46.6096926,171,12,18-573-7594,01HD76C9WDKN9XXTG91Z5TNB6B,98
043,shop 9,37.7162538,-97.2983363,443,10,16-046-5792,01HD76C9NWCK0P0H0X17FFAKM1,30
0,shop 10,25.4695749,51.3968437,410,19,22-927-5630,01HD76C9J54B4CZ1QW8P1VGVMD,11
44572,shop 5,2.0779721,11.4963935,334,20,68-956-6118,01HD76C9ZV4HRANCP8C1T1PDDP,810
7157,shop 8,49.8788079,21.1375994,333,13,18-045-2059,01HD76CAAT4BYJ5EE2AC3TWYDJ,588
3,Shop 3,50.0234664,-66.8869412,422,20,90-424-7054,01HD76CACYFK15WG06TFW2MYXH,405
276,shop 6,53.7925065,-113.6463436,118,15,86-211-7949,01HD76C9D1CMT1GP7CTRZZVFPD,804
807,shop 6,55.874056,37.690366,463,11,45-323-0777,01HD76C9ZTH08AJ4BT8EZ3TPSG,34
78,shop 8,-5.1942574,-36.4797126,475,8,68-556-9364,01HD76C9TRVGHMPJPK7N0HE2JX,905
897,shop 5,44.7800716,44.1646857,206,19,30-992-7498,01HD76C9E3HT6AN5D3RMA3S5JY,415
57290,shop 8,39.3525635,21.7513868,430,10,46-047-4189,01HD76CA8EF74ECDJBP24SZHRP,769
358,shop 4,-8.2641378,-78.1546617,310,11,46-736-1730,01HD76C9C1N7WS2D3AEMB5VWM3,324
98846,shop 9,29.183761,96.85942,450,6,11-115-0123,01HD76CA489Q2MZ82N9KZV8VC6,191
655,shop 6,-9.5295,119.2674,296,17,92-797-4626,01HD76C9PM80MVEDVNX4BVPWQ5,2
8,shop 7,-8.0509691,112.6034763,316,7,62-142-5996,01HD76C979251VXAQPXT7757A4,318
324,shop 10,-21.6029893,-48.3644226,314,6,92-516-2535,01HD76C94HEVKRP51ACKKE1FMZ,215
1,shop 10,-6.155077,106.817744,436,6,75-270-7798,01HD76C93XAF6WZNZDHWH36TCY,177
5,shop 4,4.9237913,-52.3205637,297,6,95-260-8183,01HD76C9X2V5WVXPPZ806XXZ5D,937
42,shop 8,-22.2090755,-47.3951378,484,6,54-310-7387,01HD76C9BFFZ536EWV6Q533823,428
60,shop 4,-8.4335,115.5012,390,16,07-630-6280,01HD76CA9RTVQB6MPAP5AWNYA6,439
7510,shop 6,40.32306,128.65528,405,14,69-149-6789,01HD76C9YC68C51C621F9NZ7PH,601
2020,shop 10,51.2828145,-114.0371938,107,10,26-382-2114,01HD76C9DY5CX19R8R4TNXCAYS,497
9,shop 9,29.756501,121.507191,352,14,31-962-0561,01HD76CA6650BZRDMEZ1E69DYP,224
16,Shop 3,42.96444,87.66111,125,9,06-332-5879,01HD76CAB5JHEWPA327Q5QBQF4,953
0020,shop 8,41.183785,112.375015,171,16,62-366-6159,01HD76C9DSMC24DK20BFHS4KKE,927
2,shop 7,36.733165,103.262152,272,20,20-182-6669,01HD76C9BC3NZ6H5JGJCE0FJCK,390
5,shop 7,3.1852692,-74.9208772,151,18,59-609-7634,01HD76C9F4YM7SGG0VWXQ0TT03,737
2,Shop 2,12.0675239,123.7223625,383,5,03-810-8711,01HD76CA4127FYP8Y91R6VJFRV,838
002,Shop 3,38.47436,106.239679,176,10,42-340-7534,01HD76C9DFT5H3YC7MY5Z1QCM6,818
53131,shop 9,43.2270564,22.0309456,126,18,72-967-7927,01HD76C96WSYCNWVRYWRBCXZ1M,132
0,shop 10,13.9300945,120.9522977,468,19,52-180-0248,01HD76CAH26945V4C7C9FQM299,876
11,Shop 2,52.3537244,18.6995274,459,12,86-673-1678,01HD76C9VCWY1CBXBF6AN5VDA5,959
3006,shop 10,21.2451953,104.438096,291,18,19-455-8723,01HD76C9R9BW2N3S3FDT1HRXPE,476
91487,Shop 3,46.7530428,-71.2196569,201,18,28-183-0664,01HD76C9D9T8EGQTD20V735JKJ,731
5060,shop 5,29.222417,89.982425,244,15,07-217-8334,01HD76C8YR8AR4TC4V4FAAJTQS,296
14382,Shop 3,40.2023282,116.2398367,342,19,75-447-5246,01HD76C99Q298HH72Y6PYRA0V3,243
83273,shop 6,38.6784499,139.8352678,374,19,67-352-9674,01HD76C9ATX0WJYT5G9SHGF4D8,200
9896,shop 9,13.0748879,120.7213113,353,9,14-955-6425,01HD76C9TTK258E382MKVZX6AJ,380
9154,Shop 1,-6.6022253,106.199266,313,11,44-925-4568,01HD76C9DFT5H3YC7MY5Z1QCM6,950
25442,shop 8,40.9632212,24.8064244,114,14,44-430-7571,01HD76C97JY2244ZYMWYV3VHG2,396
07466,shop 4,44.849143,34.3106713,324,19,13-012-8396,01HD76C9CP7MFBHM69N92B703D,434
8,shop 10,51.5076941,18.1208003,251,16,95-283-1007,01HD76C92F2S4FF9432M3MBJDQ,568
462,shop 9,-38.7589114,-62.2749967,482,10,66-686-3279,01HD76CAC3CY52MPV11ZH69FMZ,780
45024,shop 10,40.2213038,44.271441,462,14,95-068-5164,01HD76C9ANC7EGASNTNFSNGQ6E,360
1,shop 4,55.1970692,38.3579129,400,6,36-873-7954,01HD76CACT108HK2V3XHP2Z5CB,50
69179,shop 8,4.6690872,-74.1386906,400,11,20-185-7020,01HD76CAGQ3WRHE8FC189C2Y7B,659
9853,shop 4,38.9492606,-9.1068816,380,14,09-437-0478,01HD76C977C51J254DSWWEVCRD,2
55692,shop 8,67.1356306,20.6831751,475,14,43-578-4804,01HD76C92KSGVMVMDD6GM92130,545
87,shop 5,-2.9118209,119.3250347,101,17,35-163-1924,01HD76CAH5PBT2ESPGQTYSQ6WS,430
1187,shop 10,16.7122183,103.7694692,215,19,23-883-6224,01HD76C9Q367DBZTBCNQRG5VJK,246
0,shop 8,34.26645,108.960747,350,13,49-561-6334,01HD76C9VVH24AF88YSJ4W5NC0,540
99366,Shop 2,48.7730603,14.2851033,177,14,17-232-5429,01HD76C9WGRAQZ5AV0ADJZ517W,151
37,shop 6,9.3278585,9.4311572,250,13,72-004-3830,01HD76C9179MJ548419RZPB2AR,374
70722,Shop 1,37.97,-87.5699999,493,6,59-632-3282,01HD76CAFBDTH4X35GTDNQ224R,137
02751,shop 10,13.88953,43.9688,261,20,36-020-1926,01HD76CAHG81E7J33MG0P3R6FZ,231
40,shop 10,15.3749929,-4.2615383,224,17,41-337-4807,01HD76C8ZSGR1407N9BPA2CBX1,359
821,shop 5,-12.064682,-77.029602,274,20,05-958-0705,01HD76C9Y7YFEBT9PVKKSFNJM8,813
677,shop 8,19.1229045,100.8282161,261,8,45-026-1444,01HD76CADRFCTCDNM16TBVVP9X,946
079,Shop 1,40.8021951,44.5395836,276,18,27-858-7514,01HD76C934R106E9SESBDNGG7G,154
83626,shop 5,11.2666664,122.5333328,474,12,92-244-0534,01HD76CAB3XAGPC2STCK3YJZ63,233
5848,shop 8,22.5738562,113.89831,446,18,07-851-7092,01HD76C90TQ4KR17SZDK9Z0KCV,545
2,shop 7,39.207953,117.115904,353,6,34-135-4206,01HD76C923VCT4FFB09KCZ2SZ9,223
59044,shop 6,37.22351,120.560079,147,15,94-351-2516,01HD76CA67HT7SYMZBPPATRA4X,755
59,Shop 1,32.110878,118.724049,212,11,84-485-1706,01HD76C98P8PXHBT8RF2MN1H1D,542
9412,shop 7,9.899259,-84.0624815,274,17,04-261-0566,01HD76CAD91QK9PRT683S9BGFN,95
045,shop 10,32.060255,118.796877,174,14,52-007-8169,01HD76C9WWHGD6BF18S2SDPD1S,933
714,Shop 3,45.70734,5.534063,287,19,81-536-6863,01HD76C94V5KKPX8JS8V2QKN9C,769
2,shop 8,51.7022968,20.3729893,349,19,88-388-2861,01HD76CABY3919YAFVJM2D8XNW,227
857,shop 9,32.652297,110.769132,437,14,31-312-8816,01HD76C9PG5BRCF3TNNPR7BA4F,890
34,Shop 3,-7.9299269,111.9671537,264,14,26-802-1373,01HD76C9K2Q14GAGR0CJHV666Y,289
821,Shop 1,52.6029163,41.4669909,429,10,15-512-2264,01HD76CA7KPRB3519WT6ZT2PRQ,335
8477,shop 8,-13.5,48.86667,195,20,28-405-6267,01HD76CA4K2ABX21VHQBAG1MM3,148
593,shop 8,50.4823057,14.9414959,189,7,81-215-9875,01HD76C9CX918PSK5FQSQDH2JA,572
5,shop 6,0.1156645,99.9360207,135,9,57-365-5877,01HD76C9Z75HH7E4STX6NWMXJJ,929
2877,shop 10,37.106326,-8.4723108,164,12,85-663-1819,01HD76C9SAXKNJW2VSVG5SKVEZ,502
19,shop 6,-0.5025568,117.1514753,232,18,50-370-4505,01HD76C9NSC4YC3TTABAZ7BR76,646
84077,Shop 3,34.3227574,134.1742831,342,18,59-252-6557,01HD76CA15XPCKYW32PRHENR9Y,268
303,shop 7,8.6899208,6.663812,129,14,43-229-0203,01HD76C9Y0QWVEKZB8A23F9NC6,236
302,Shop 3,48.5986674,37.9980367,325,15,45-541-3466,01HD76CA057QA4RA4T204QN89F,313
7,Shop 1,49.458286,12.806791,438,13,79-086-0268,01HD76C9NY8GPVTZH0RWEX9Z3J,142
2,shop 10,-8.577582,115.136457,178,12,31-657-6405,01HD76CA8EF74ECDJBP24SZHRP,593
5,shop 4,10.711091,122.3254206,439,15,50-084-6042,01HD76CA6650BZRDMEZ1E69DYP,864
889,Shop 3,12.16219,-68.2713254,111,20,16-555-4753,01HD76C9SDGEYGVNSSH9XDVG90,496
522,shop 8,-6.3323202,106.0316898,363,7,08-089-0150,01HD76C90QXNWBKT7ATJFA38E3,917
88188,Shop 1,59.3779388,10.7605604,313,14,00-634-9078,01HD76C91XB6VW03ADZ3F1FGY9,795
31,shop 7,12.647214,102.0032957,317,6,80-476-8628,01HD76C9ZMTRA5DQMAN2VKX989,969
23903,shop 5,32.168137,115.654481,304,15,16-476-4554,01HD76CA4QC8PX5QBPVAB797Z7,172
9071,shop 6,38.4613914,70.7896966,305,14,71-699-3303,01HD76C9NN0N6858R9EX6SZYRN,114
371,shop 4,-37.1534439,-56.8913573,207,11,68-538-6681,01HD76C9XAHDXW9HKGT80PEKTC,429
4889,Shop 3,11.183333,42.933333,298,12,71-346-2873,01HD76C9D3EKHMKFEK5RVDJHPJ,244
31,Shop 1,12.3420676,14.1858272,157,16,18-722-1293,01HD76C92X2ZWRAZ4QFQCV0JVH,269
0920,shop 8,40.0179745,44.5841127,231,7,35-103-4799,01HD76C9S3QQG2N9M2Q58GQ7N2,704
20025,shop 5,43.5111646,16.5201503,393,7,24-333-7040,01HD76C97QENW087YHHWV3WXNB,739
727,shop 5,45.0075322,19.8227166,108,18,26-919-7182,01HD76CAD6CCX7HQ3V2SNQWR6T,417
2,shop 10,37.0514525,25.4982396,312,14,65-278-8218,01HD76C9KJQ1QWR5M2S7PPADXP,75
97,shop 5,56.0388248,37.2339179,350,5,25-467-6288,01HD76C8Y252BXDS9YGBWEVX0M,242
9,shop 5,47.3455396,123.9558083,303,20,05-118-6166,01HD76CAGD2D3F6824RR68SF4E,223
13,shop 10,55.8697739,48.5236711,404,10,09-227-5941,01HD76C9S880CX60S8VATS1ME1,603
02,shop 9,55.604205,40.6113806,432,13,93-636-9432,01HD76C980EZ4HK53QBVXM4XQG,672
77,shop 9,-7.7563468,111.3441212,354,8,34-235-1002,01HD76CA7Y6DM2ABKJDCA0RBVB,842
4534,shop 8,55.6790868,12.571637,469,17,58-616-0629,01HD76CAGKSD23WBQB144JEE70,166
0523,Shop 3,22.5346419,114.1237079,195,8,28-783-2450,01HD76CA6CMXY7PTVTKTC173A6,789
99308,shop 8,27.021596,117.879608,286,5,81-358-1355,01HD76CAHPJ6B11BY72H0KMG6P,286
49,shop 4,-7.5749752,110.6317907,300,10,69-614-5900,01HD76CACF638NN7RKCD4Y9JTA,601
31,Shop 1,27.578926,110.040315,257,19,81-952-3640,01HD76C9YTFSVEX3SAMN3WQM4X,819
09,shop 5,-8.2641378,-78.1546617,318,14,73-172-6079,01HD76C9JWEQ2K01AMERR1DZJW,709
41402,shop 5,22.829287,107.200654,212,19,46-623-8037,01HD76C9DBY5G7XFRM1XM2HG7Y,76
42594,Shop 3,31.45571,34.43719,370,10,13-403-4309,01HD76C9JA9Y4EK3DEPHG3SSB5,774
43,shop 10,51.7419091,111.9603596,360,16,92-632-5860,01HD76C95H1SGT354YG2HQAMQF,888
096,Shop 2,43.9235435,2.141706,164,14,21-751-7241,01HD76C9QPAE4ZN0P3E367FD5S,932
54030,Shop 1,22.558237,113.95494,285,17,45-442-2428,01HD76C9VCWY1CBXBF6AN5VDA5,989
13,shop 5,17.8200009,120.4544261,441,16,04-119-5848,01HD76C9WAAYX4BZKQ380N79XX,125
5,shop 4,18.4529003,105.7644596,461,9,79-095-7193,01HD76C9M94GS31EFTXEDXV274,694
659,shop 8,18.9753413,-97.9041394,122,12,04-574-3556,01HD76C9D6YH39P058SQ2C39MX,357
038,Shop 2,62.2600127,17.3781406,239,20,88-005-7964,01HD76C9Q6G95TXN30AC87NFGH,473
31697,shop 7,43.2550219,45.9065996,381,12,00-044-7083,01HD76C9T24Q03R927Z0YXHHHR,801
776,Shop 2,-6.9644462,108.5537373,168,5,16-521-4568,01HD76CAH70098T45C6YWPX0YX,835
86,shop 10,49.6766897,19.6231329,350,10,46-554-2225,01HD76CA4BY88K1C3ZETM8RGEB,851
2357,shop 7,57.7581391,24.3543455,497,7,95-755-3753,01HD76CAD0DA26VWM4TT39PBZF,973
80,Shop 2,-6.9987,112.5755,465,16,59-754-2438,01HD76C97MDCW8PHKT1M8PW1W0,728
9348,shop 8,22.498753,113.53129,279,13,10-758-6086,01HD76C90ZAGEQP9CC1BE2WY7H,992
30,shop 6,31.7579946,25.0792189,277,19,07-921-2315,01HD76C9NE99F16RVK8G178DDD,535
0066,shop 4,28.8876615,112.5841075,229,17,45-206-7229,01HD76CAGKSD23WBQB144JEE70,728
4535,shop 4,47.01741,87.68753,418,16,14-887-9679,01HD76C91FZ1R6NX88EYM3G0MM,557
95229,Shop 3,6.92477,158.16109,204,8,99-778-1244,01HD76C9QJEAHFEHBSN7BW7HX7,82
172,shop 6,53.701556,91.680719,155,15,82-181-4329,01HD76C9T6YXE9CB4PR25YDKJT,570
00,Shop 3,8.9410756,-75.4944768,371,18,65-696-3991,01HD76C9F5GXZTPBPQC8XBHWT0,44
5,Shop 1,44.395234,125.697103,387,10,61-049-1871,01HD76C9M94GS31EFTXEDXV274,295
03,shop 9,21.270702,110.359368,216,19,61-285-2837,01HD76C9BB6GWZA8VR3PXPJP6C,998
3,shop 9,38.7255705,-9.4472984,192,9,47-773-4497,01HD76CA9VMD3NBPN21WQHSPAA,218
9,shop 7,4.833333,36.1,468,13,58-620-6433,01HD76C9GA75A0FEQQ88MMWF7M,364
2432,shop 5,35.1529042,33.2110414,155,5,78-823-7299,01HD76CA9XQQMJ5RED1CCVACKM,721
395,shop 9,-2.7915832,-67.6662231,325,17,16-105-7633,01HD76C9E85Y2GXX9WV976DDBB,773
1897,shop 4,10.425,124.0005,361,7,94-602-6969,01HD76C9M31MXVQ6MC2K5VYWVR,91
44,shop 4,-8.2660783,-77.8524505,249,14,36-424-6077,01HD76CA9RTVQB6MPAP5AWNYA6,175
022,shop 9,-34.7008122,-58.7034275,451,12,03-704-6401,01HD76C9S0CQ2HADV61F6D8JD6,879
3280,shop 4,59.4254685,56.6803807,327,18,68-708-3209,01HD76CAF2DETG5ZATBBXXX48Q,723
94,shop 6,50.0827667,19.3528069,139,9,93-940-8137,01HD76CAGRYTKKXC9ZS26QYD6H,986
3194,Shop 2,39.3616253,-9.1576429,261,5,12-255-7300,01HD76C9G4SQ5RAMGWZN02X65V,48
3902,shop 4,43.6051078,73.7631135,182,11,82-420-9375,01HD76C988ZC1AR1V1222SBRYC,577
9,shop 10,0.9024684,120.6545022,500,14,85-580-0785,01HD76C9J4NK2WNA2WFT3M61Y6,59
7,Shop 2,39.5075851,-8.1826858,484,12,79-532-8538,01HD76C9RW4WQVCSXJMVMH60E9,440
7,Shop 3,59.260523,15.1978279,331,5,58-120-6636,01HD76CA0RTW7GM7BSM3D8PV3C,686
03,shop 8,7.116798,125.9279251,163,13,55-988-6838,01HD76C9WSXF3GBBVD3AZK95TM,18
9,shop 7,40.3132524,73.4445392,280,11,19-622-2773,01HD76CA0878W9WRX912R11ZGK,706
612,shop 7,28.924088,93.825006,496,13,60-247-9882,01HD76C9TZWVFQRR5FN6ZC3B5P,942
29,shop 10,9.3572656,17.3671431,321,7,73-651-9458,01HD76CA7ZDBQTH75XSV121Q0C,328
277,shop 8,28.572029,109.482078,247,11,68-326-5804,01HD76CA9MXTEVNVPCQ8PVG6C4,893
93,Shop 1,15.5805384,-61.3297698,389,11,01-308-6011,01HD76C9Z6ZDHJ0J0JAYEN2J5Y,701
6231,shop 6,16.13422,101.04465,289,18,11-679-2460,01HD76C9FWPGY6SVPEGYV9N6JX,702
74296,Shop 3,57.5394675,28.0121149,291,8,87-192-8868,01HD76CA0KT41W57PGFBJF7HN1,23
9,shop 9,51.1211697,58.6199937,414,12,25-854-0859,01HD76C92PH881R5SJZNQHHG22,357
6932,shop 7,44.4635116,18.7494454,390,5,45-956-4139,01HD76CAFKGZMQPK78NFFWEA5R,613
52,shop 5,8.3537158,-70.5770632,354,13,47-847-0694,01HD76C92X2ZWRAZ4QFQCV0JVH,289
9327,shop 6,38.02365,114.152183,389,6,51-392-2602,01HD76C9YFG9Y9SBR6GZR4H3M4,534
1699,Shop 3,-7.6263425,39.065866,159,14,53-583-5404,01HD76CA7SBXW2RNHMKA34YPSM,320
97,shop 10,42.0732393,42.8212218,383,16,63-905-1258,01HD76C9YC68C51C621F9NZ7PH,534
0134,shop 7,14.2139963,121.1703921,443,14,71-903-5840,01HD76CAJ4AMTGYXJH0C3Z24K0,808
3598,Shop 1,22.579117,113.081508,450,6,14-410-7224,01HD76C980EZ4HK53QBVXM4XQG,362
5,Shop 3,9.7922,124.509,295,9,83-238-5586,01HD76C9HAB3Q5TB82MMFK26JA,655
682,shop 4,-7.0572973,107.5365647,200,20,54-053-8095,01HD76C9E85Y2GXX9WV976DDBB,252
980,Shop 2,15.3569408,120.5288453,448,7,53-259-6643,01HD76C9H0VWGQZG92JZB5WHHA,55
4,shop 4,50.8866749,21.2296066,356,16,93-365-1155,01HD76C8YCMF5VBATZNS48KSF3,385
9,shop 9,39.7024946,-8.7377503,190,16,59-744-1794,01HD76CAGX5G2TWVWDMKWPBKC8,40
9018,Shop 3,17.9236623,19.1107114,298,5,77-737-6878,01HD76C8Z3Q17B7TQCJVEW82T0,227
445,shop 7,47.59989,-53.26478,487,10,30-873-4108,01HD76CA4TYNJ9DD1R8BX2A6X4,47
551,shop 6,19.482042,-99.1985584,116,17,01-610-2453,01HD76C999M04YXQPGPZGDXQFG,175
8,shop 8,-0.5833333,73.2333333,148,16,92-516-2535,01HD76C9GZK6T66CAZRRMCXTTR,778
7251,Shop 3,-36.6062618,-72.1023351,346,5,25-101-8113,01HD76C9NF0SBNJGJYKRZFG7Y5,150
81086,shop 4,63.0741927,25.8645193,460,6,10-452-4863,01HD76C9TJSMJP8GBG6XS2KGYQ,9
72344,Shop 1,27.640075,113.733047,111,11,48-673-3978,01HD76C99GDZF8P7ZN48CM0X7V,139
0,shop 9,6.6999998,124.7833328,404,16,42-410-9449,01HD76C9R4F4N36B2Y598KSBJ6,848
5,shop 7,-14.0993396,-75.6891699,328,11,05-654-4613,01HD76C9QHPHCTNS92ZRQ7XWNT,788
24,shop 7,14.5638721,121.0327599,496,19,07-103-3633,01HD76CAFKGZMQPK78NFFWEA5R,631
9,shop 5,25.4052165,55.5136433,455,10,68-999-3144,01HD76CAAWQ1ABQPFPG6MX6W95,213
2,shop 5,30.2638032,102.8054753,398,11,64-469-3233,01HD76CA8VYD1AWSNFQZQKYGG4,918
0,shop 10,56.2130392,12.8566693,216,16,16-635-8273,01HD76CAE0W0VE9QFE3S4MWVR5,16
22,shop 10,30.108216,104.677091,181,13,85-022-4680,01HD76C9ZBT78B6Q2XXGBWK8VY,215
1038,shop 8,-0.3372032,103.3702811,279,20,35-686-5712,01HD76C9C063HTPDMHN3CM4T8V,285
66,shop 5,35.8439572,136.1916906,154,7,61-149-4265,01HD76C9G6F2472002KNBQAJ0T,536
9919,shop 8,21.5743109,105.8215718,428,12,80-434-6047,01HD76CA77KDXSJT6HXQVA0Y7D,771
67404,Shop 1,25.6538807,-100.1522213,239,20,57-608-8706,01HD76CA4QC8PX5QBPVAB797Z7,677
0121,shop 9,46.1417288,15.0844894,155,12,26-551-3525,01HD76C9SSTCKMVR1PBQBYANNX,879
083,Shop 1,44.5007687,-80.2169047,138,9,63-415-4627,01HD76C91VBGFAQ7MWVEHY2Y4H,216
1,Shop 1,37.8099917,65.2026017,270,17,67-585-2892,01HD76CA57QJ2ZH1M1MNCNTD7B,850
056,Shop 1,-7.4842287,112.7330892,316,7,41-123-1640,01HD76C97GPDZFPZ9NWFH2XEFG,588
9,Shop 1,-6.8268504,111.8359916,215,16,11-351-7849,01HD76C9VEB90R1NQ1K239H9BP,347
208,shop 5,22.654032,110.18122,341,13,53-832-7451,01HD76C9XNG6RK35W9Z5PK517G,399
860,Shop 3,50.5848682,15.4126394,457,11,86-928-7280,01HD76C9NWCK0P0H0X17FFAKM1,795
76,shop 4,48.8295482,107.0468263,387,20,24-852-1711,01HD76C9GEFYHASX6VFMH9NMTX,829
24504,shop 7,11.2748678,122.0534319,365,19,50-606-6529,01HD76C9JGC4TM4N23BEGRERMW,239
65968,shop 4,51.1806274,6.0187806,337,12,87-645-3048,01HD76CA942VFBC27TR0WSG1RJ,847
3,Shop 2,42.616208,141.5321435,234,20,99-922-1528,01HD76CAD3YPGC7AJ132YB6T4Y,68
47578,Shop 2,45.4912891,20.6465628,409,14,42-942-6729,01HD76C9QSKSWD986MMTVF4X72,61
50828,Shop 2,50.7588162,17.8529769,380,6,37-381-3137,01HD76C95CB0BYHM6VH5Y69697,483
1311,shop 9,-10.0274881,124.4752715,122,5,94-412-8057,01HD76C9F1CZTK8A0AM4MHQ426,83
66,shop 6,-6.85247,111.5587544,134,8,77-293-3789,01HD76C942SDKRJYT1JCM9AYJK,890
86547,Shop 1,10.1794092,-66.7248247,434,20,91-871-1294,01HD76CA5A9RR6415TZERPGPSD,689
7,Shop 3,14.5508865,121.0075554,191,16,56-294-6873,01HD76CA6M221FXYDMB6XECE6X,337
614,Shop 3,50.4398775,3.3941571,122,19,84-900-0158,01HD76C9SDGEYGVNSSH9XDVG90,512
40,shop 8,45.0317123,15.9142627,240,6,27-537-5740,01HD76C9B3AEXZSBXFKKHNR8Y0,726
93935,shop 8,-8.6549196,116.4075854,330,11,69-308-2579,01HD76CACQ6W05KHNS90P5S16H,644
7,shop 10,15.8137804,120.3404633,367,15,64-699-2906,01HD76C9MFCXCE5950254MSJ6M,58
164,shop 8,52.279986,17.3522939,204,19,15-817-8701,01HD76C9SHH91319W71ACSZXF9,149
2509,shop 10,45.2911425,20.1955026,110,15,82-945-6894,01HD76C99BV71H52XGKGKCBYRC,183
6982,shop 7,24.804232,98.296657,100,8,39-982-6285,01HD76C9S2E4E06N0GMYBGJ5QA,508
79158,shop 8,10.6713871,123.0555033,347,9,95-522-8855,01HD76C9NAX41Z37V30Q0T5CVM,70
16,Shop 2,-7.6034421,112.6794582,307,19,51-599-7189,01HD76C9B4JQFHMR487VXEWPHA,993
344,shop 5,38.6926647,-9.3466983,334,20,30-992-7498,01HD76CA4W6ND67SCX1DSQ7ABX,744
6989,shop 9,48.5625988,3.3093771,131,12,66-455-5228,01HD76C98F3E4ZFN8JEWFR5W6W,943
3800,shop 6,-41.172184,-71.437354,209,15,32-983-6796,01HD76CA4TYNJ9DD1R8BX2A6X4,484
228,Shop 3,-2.2897636,102.1175404,486,13,74-755-0062,01HD76C9Y28J4EWFG7YPYMM04W,59
930,shop 7,-7.690753,109.2861268,247,15,15-533-9193,01HD76C9XXX0RK53AJ6WFGKS93,349
3797,shop 5,49.2908708,15.4833007,291,13,33-795-6781,01HD76C9D4W7MJ51WABB8EP0P4,349
09,shop 7,59.3606836,17.9701456,183,10,33-877-5661,01HD76C95E9891QZ31PEGNF7AN,105
28526,Shop 2,7.46932,134.60991,475,19,58-732-2989,01HD76C9E1VJXN3KE2A584S01M,223
74140,shop 5,26.908404,100.218695,443,18,23-794-3865,01HD76C9J05HA67BGQEJVWNH0F,278
8,Shop 1,59.3281151,14.5096023,249,18,71-116-2749,01HD76CA9SAEB4514K9F006D79,924
5855,shop 6,27.145704,106.457478,417,12,61-870-0418,01HD76CAHWEVZP3B6TV2R2QNKV,219
68599,shop 6,22.814304,115.955191,299,15,18-934-4600,01HD76C9YGAP3EYGKHBM3T84F1,828
81,Shop 2,-7.1546275,108.7660364,120,11,53-293-9694,01HD76CAGX5G2TWVWDMKWPBKC8,632
85107,Shop 1,-6.8762522,109.6795545,386,19,68-704-8427,01HD76C9KY41V3PC809YBKR90E,191
5,Shop 1,28.791929,116.844706,147,17,95-261-3342,01HD76C9YTFSVEX3SAMN3WQM4X,854
4997,shop 6,6.1097207,102.2462087,465,8,18-025-1699,01HD76CA4GQHFZHNHS0RXTW1ZZ,171
5,Shop 1,29.68233,89.099242,490,16,54-908-8929,01HD76C95T7SR4PRNES2NK29NK,125
47051,shop 5,30.2915328,-97.7688358,225,12,27-066-3642,01HD76C9513QHY28FPF71VB4PN,488
51,shop 7,41.879109,-86.550039,368,10,27-880-9422,01HD76C98H0CZ17GPYPJEKRNTJ,270
055,Shop 1,15.1315727,120.5976797,422,17,40-601-7768,01HD76CA7G237QV430PWXWH8X4,132
7,shop 9,30.031533,101.014425,288,6,73-302-9390,01HD76CAC9HCAV5C7TBKTP7AMA,496
493,shop 6,45.2415442,77.9726477,101,17,52-366-8716,01HD76C9CB5TYTJ4KFXYSVF80K,974
6,shop 5,47.009324,28.8389611,484,16,12-902-8760,01HD76C9PVKS8NFE8V65XSYF4G,444
36953,shop 8,46.2433699,14.4192223,147,10,76-459-9516,01HD76CA3XADANV8510DNNNFMC,950
2880,shop 7,30.427416,113.367059,208,7,03-374-6495,01HD76C9VCWY1CBXBF6AN5VDA5,1
6,shop 9,-14.2576342,-69.1692951,125,10,09-988-3064,01HD76C988ZC1AR1V1222SBRYC,311
16,shop 9,59.4871523,18.4207352,211,8,53-419-6697,01HD76CA61FKZAWQ0TW6W2VP2P,749
72390,Shop 3,43.454956,4.946467,311,15,45-323-0777,01HD76C98AZZZ6K1Q3CMK58DZA,15
8,shop 8,-17.2333329,-62.816667,475,17,21-231-5690,01HD76C9G7ST6NCJK02MQWQH8Y,187
325,shop 4,38.9388075,100.4436203,194,10,29-508-9076,01HD76CA6T414W6CZ3SCZYM41R,621
63618,shop 9,-3.3552972,102.7364962,140,20,38-328-1480,01HD76C8YMQBZNRJE8C830SXY3,98
83,Shop 1,47.4636372,-79.4387857,177,19,04-830-6952,01HD76CA711WMW3GY8DPGD2TSH,395
42433,shop 9,51.8677116,16.4856013,416,20,27-312-4559,01HD76CA0Y1ZRM4V9R1EYYZYAX,760
09752,shop 10,11.8478074,11.0706454,314,8,93-808-1692,01HD76C9EVKZ0Z3DHDFZDKRSMZ,57
9,shop 9,14.9941724,-90.8072101,296,6,60-249-4083,01HD76C9V2FT8H000BJJB113ZP,403
634,shop 9,18.04406,121.71871,152,19,14-449-1406,01HD76C9WXVHWW03V4CZZ6FXX6,757
3,shop 4,45.5734042,-73.7316825,456,18,04-691-3128,01HD76CAG0RCCR7DAK35K7NE0G,657
088,Shop 3,60.7412843,56.7240294,431,13,35-500-4677,01HD76C9P0CSXA0308E6ZQQBT2,910
13260,shop 9,31.558356,106.005046,426,5,82-369-8487,01HD76C96500F4XE7ZBJVHNXAT,388
369,shop 9,-3.9997372,-38.4429274,430,11,82-191-6286,01HD76C9GXHP2ECB60WWJM6YJS,359
051,shop 5,28.54,-81.38,316,5,59-778-3686,01HD76C92H9CGS9TYMDHWT15HN,443
4756,shop 8,29.5530941,118.9353968,177,10,16-532-2875,01HD76CA15XPCKYW32PRHENR9Y,595
5786,shop 5,18.1752248,-77.0881034,286,5,60-693-0098,01HD76C9B5WDF9EBJK0JDN9V59,817
78,Shop 1,-6.2694214,14.2337805,209,11,66-542-6553,01HD76CAEGKXDBN05VC9GKQX9X,57
3438,shop 8,35.3218748,46.9861647,439,16,23-587-4872,01HD76C9S61E3N0Q06B97RM3GG,860
15041,Shop 3,30.07728,103.848396,403,5,58-392-8448,01HD76C964PRXZYDMXG4E8TQN0,138
38552,shop 4,36.759507,110.632006,175,12,93-061-4828,01HD76C9YPGNMDXB0RRZC01NG0,138
11,shop 9,38.460109,-28.190947,302,18,11-208-2407,01HD76C9W2SNAKBPCQVR5D8H5V,902
3790,Shop 3,11.4739808,124.569794,413,14,63-538-1985,01HD76CACYFK15WG06TFW2MYXH,968
72,Shop 3,59.2255188,38.5125708,499,20,74-050-0451,01HD76C9ASR3TAAVGD81E00YCA,192
12,shop 9,42.0445765,-8.4388534,385,10,71-161-5844,01HD76C9Q7JNNCEKZXPB938AD1,407
468,shop 8,43.1520105,126.4371385,123,6,04-012-5215,01HD76CA5TYV3AXA936SZNFDFK,167
9,shop 9,-2.7389977,-78.8458135,331,8,72-490-7227,01HD76C9VVH24AF88YSJ4W5NC0,607
917,shop 7,23.020673,113.751799,357,12,37-884-0290,01HD76C9TNPN29KKHN0CJ2G8Y5,716
6273,shop 7,53.9215606,-6.4008792,218,16,28-301-6568,01HD76C9R16RQT82K1AFEEKYT0,853
10326,shop 9,45.1839187,18.8237103,432,17,97-807-1153,01HD76C996TXHR59Z4N16SY1AZ,195
001,shop 4,48.4703688,24.2784263,327,10,10-602-1169,01HD76C9P8YFN6MP4CAXJDJ9Z3,482
8,shop 8,41.99427,21.574625,219,19,23-323-6135,01HD76CA184CTS3XDK451KD950,227
95795,shop 9,45.1721845,5.7078052,377,10,88-760-8643,01HD76C9V69M23Q1YX8N5X45P4,802
5292,shop 5,42.583016,122.445594,497,9,75-163-5629,01HD76C9E85Y2GXX9WV976DDBB,452
45,shop 5,42.8414484,21.5766407,464,10,91-646-2955,01HD76C91Y06BC2YSC98CEH8Y3,920
67,Shop 2,32.644699,117.743378,217,12,00-215-3383,01HD76C9FHMX34X5541Y83XMQH,349
66,shop 8,34.8742638,71.1537637,134,10,20-730-0446,01HD76C98Z18T38MF9PJ2H6RJ3,808
27842,shop 6,52.7085795,25.3346543,407,14,26-261-9847,01HD76C9VNNHX4996N5Q3HT3PM,480
4,shop 7,48.418023,23.7371118,378,9,05-781-9259,01HD76C9ZV4HRANCP8C1T1PDDP,917
4275,shop 9,11.1054336,42.3704744,265,6,11-126-0529,01HD76C9NN0N6858R9EX6SZYRN,881
5,shop 9,36.6512,117.120095,228,13,77-600-7467,01HD76C9VNNHX4996N5Q3HT3PM,919
782,shop 5,8.874948,125.660068,377,7,08-670-6911,01HD76C9QBEZZ305YABZXDDX2Z,199
60,Shop 3,56.3464983,21.065493,396,13,87-103-7088,01HD76C9GW6DEVYQFQRS07QGJ9,931
46941,shop 8,47,77.26667,266,20,38-162-4932,01HD76CA6GVQY2DNZBGF9H1DV0,926
72,shop 8,55.6795223,12.5752968,461,10,05-695-5477,01HD76C9H940APV0AYFE4K9WPS,450
2,Shop 2,35.991705,36.3938121,133,6,68-556-9364,01HD76C9EC6Q71SCV82GRFXZ9K,638
44,shop 10,9.141067,-12.664461,122,10,85-136-5288,01HD76C9VFP9YC8QHVFQG25KV5,670
57,Shop 3,26.3577675,127.8691991,330,8,83-389-0680,01HD76CAG37KPE130PQATR9T3Q,571
6096,shop 9,8.3375063,-82.5510469,238,9,79-639-3341,01HD76C9B3AEXZSBXFKKHNR8Y0,865
90606,shop 9,13.756986,121.058107,210,15,46-890-9474,01HD76C934R106E9SESBDNGG7G,54
09776,Shop 3,52.1334874,20.9139557,288,10,56-779-7461,01HD76C9SSTCKMVR1PBQBYANNX,259
39,Shop 2,29.64227,102.125808,231,18,45-560-6043,01HD76CAEGKXDBN05VC9GKQX9X,594
895,shop 7,-4.4505838,-38.0631455,374,19,17-131-7045,01HD76CA3GPPHYQ9BH90KHP0BP,703
897,Shop 3,-6.8843479,108.7927679,427,16,19-120-3002,01HD76CAFMSYS6GZE12YFDVN1D,145
3,shop 9,22.938069,112.987173,118,15,65-907-5687,01HD76C9JXSWQDTQVMFHSXFSZ4,209
31,Shop 1,-7.9841814,113.8376522,138,12,55-091-5328,01HD76CAGZBY4A1KRZGDZQQ64R,808
3,shop 4,38.7952662,-9.4665149,228,12,81-885-1005,01HD76C9NHS9JDWFM629C0F33M,484
3376,shop 4,49.7692372,43.6416286,500,8,06-526-2725,01HD76C9RMTSS7M6P4SZ7JWM0P,31
13732,shop 9,-26.113239,28.3505779,185,5,49-633-3793,01HD76C9BMJR2WNWGGESFF4WPY,128
386,shop 8,12.3084603,124.6357734,328,16,28-843-2679,01HD76CA184CTS3XDK451KD950,748
5671,Shop 1,14.8682154,120.4607543,175,5,03-374-4259,01HD76C9SZQVGFGJ01ET20Z0YQ,365
63,Shop 3,13.6153077,100.7434078,447,12,96-896-1352,01HD76C9M94GS31EFTXEDXV274,428
04,Shop 3,-2.2306406,-80.9001863,110,10,10-479-0145,01HD76C996TXHR59Z4N16SY1AZ,988
9,shop 10,41.6920942,-70.9427914,252,19,12-676-6654,01HD76C94RYYWD1WH0HJPY1SG4,159
48121,Shop 1,14.6333181,-90.6703399,150,12,07-053-2354,01HD76CA8CV851NDZZ7NDERYYW,721
73,shop 4,-7.1918,107.0754,250,19,97-045-6052,01HD76CA1AR4BF92R7AX6FPQVX,262
182,shop 10,40.91889,78.72278,369,15,91-871-8633,01HD76C98F3E4ZFN8JEWFR5W6W,661
6798,shop 8,60.4609132,25.0250415,370,14,63-621-7935,01HD76C9DRTKJFP4Q4CT2B5N08,985
67,shop 8,-6.3965,105.9693,238,8,79-367-6702,01HD76CA3GPPHYQ9BH90KHP0BP,292
7,Shop 3,57.0771327,34.9961191,476,13,04-488-0753,01HD76C9NCPNS2V9B0NQTNJ6DS,912
8767,shop 10,0.5142775,35.2697802,165,11,03-884-4723,01HD76C9E3HT6AN5D3RMA3S5JY,257
66,shop 10,38.5194,-9.0138,393,19,73-277-8627,01HD76C9R8DVF7S7SJ327QGSKJ,186
357,shop 6,45.6878582,18.4041894,179,15,79-693-9589,01HD76C9M16Q1FAH4CJEZNJ2A6,738
9,Shop 3,5.963336,-75.963942,500,20,07-544-0879,01HD76CAFSMFC5G378PN72008C,793
52,shop 5,38.0790354,23.5215964,447,17,80-240-6766,01HD76CAFVYMNGEB64PCSVE9Q3,977
4,Shop 1,38.914003,121.614682,121,13,36-369-4158,01HD76C95MRYMCWNNMD43VYXH1,443
8,shop 9,49.51688,-96.50029,353,5,40-825-0051,01HD76C9PQ59ZM954V6WXW6M6R,485
841,Shop 3,8.5182123,126.1195736,367,14,24-830-3592,01HD76C9T6YXE9CB4PR25YDKJT,812
76,shop 7,60.4872057,15.4102793,234,5,01-676-9708,01HD76C91B59H77S61EAWPF0NJ,890
6960,shop 8,8.4286368,124.2876362,243,17,40-704-4214,01HD76CA057QA4RA4T204QN89F,803
550,shop 8,42.1142239,-84.2494229,325,20,67-299-4546,01HD76C9G4SQ5RAMGWZN02X65V,346
06646,Shop 3,5.634202,-73.323263,458,19,50-120-7431,01HD76CA5RYWF9JWQA3HGMJ8KQ,236
23,shop 10,41.9539849,21.0134768,367,15,27-681-7001,01HD76C9GW6DEVYQFQRS07QGJ9,48
9,Shop 1,14.6688068,121.1138058,401,19,10-194-5158,01HD76CA8504KQCTM02DP79AEJ,966
36266,shop 7,37.031485,118.254644,114,16,84-953-8670,01HD76C9X6QV9FGVWW46517C16,520
614,shop 8,50.3713333,103.2816977,403,10,03-376-5597,01HD76C97QENW087YHHWV3WXNB,613
12032,shop 9,-37.9361202,-57.5552203,177,15,11-699-9674,01HD76C9NJ2WJXV7BMEE03YW56,139
1,shop 5,38.172697,114.572919,402,5,31-222-4893,01HD76C9V8THWGPS6XDJQ19FYG,987
187,shop 7,14.26297,121.1281849,335,5,21-983-3735,01HD76C92F2S4FF9432M3MBJDQ,660
260,shop 9,59.1987737,17.8332915,422,13,90-583-7277,01HD76CA1H4XRHFQCK8V5FGNCH,819
2,shop 9,50.3250139,34.9100068,250,19,03-968-8857,01HD76C9DFT5H3YC7MY5Z1QCM6,514
5561,Shop 3,-3.4142906,-39.0303806,378,7,43-121-2238,01HD76C9KZBCZW1ANR6A70YDTC,81
93149,shop 9,13.9734064,121.6889505,259,9,20-918-2566,01HD76C9VEB90R1NQ1K239H9BP,612
564,shop 9,-17.5467442,-65.8412017,277,10,90-658-0041,01HD76C9GPMT526KV7CYQ6QRNA,327
1894,shop 10,38.465785,106.278153,474,16,88-186-4302,01HD76C98Z18T38MF9PJ2H6RJ3,204
68,Shop 2,49.8674755,6.2651155,194,11,97-350-8718,01HD76CA83EPPX5F5RYJE51XER,285
9,shop 8,-6.490877,106.7952511,163,15,28-249-8096,01HD76C9B4JQFHMR487VXEWPHA,628
197,shop 5,24.27397,98.960434,427,16,80-598-6080,01HD76C9VEB90R1NQ1K239H9BP,70
8403,Shop 3,41.01,-85.06,207,14,35-951-1280,01HD76C924XPN3T9CNDYE86P5Q,325
6,shop 4,-7.2282295,108.6056873,165,19,00-482-5825,01HD76C9CEPS0RPXY9CV3XGE7W,566
536,shop 4,13.1234679,32.650351,213,15,83-608-4927,01HD76C9C76ZEX3YANZ4B1V4EG,666
54,shop 5,45.8442734,20.2867074,451,7,19-901-2117,01HD76C9JA9Y4EK3DEPHG3SSB5,362
4945,shop 4,12.0813122,-15.3189726,223,11,77-351-8316,01HD76C9B4JQFHMR487VXEWPHA,633
137,shop 8,-6.6656231,106.3438367,135,14,27-159-8327,01HD76C9V8THWGPS6XDJQ19FYG,988
04842,shop 8,7.8005358,-80.7463852,187,13,37-078-5791,01HD76CADH382ZXXP422ZGFBMY,948
55151,Shop 1,7.9076232,-80.4256976,366,19,66-344-2582,01HD76C9T30YHH6PKVCS3ENK9M,764
2566,shop 10,50.8305647,33.8815261,191,18,31-709-5032,01HD76C9EKB5TBJYYEGYRPB0QB,976
13,shop 7,4.336584,-75.702412,238,8,82-898-2166,01HD76C9538NTMEHJECRZJ96JP,96
89701,shop 8,8.5211284,126.121732,322,13,68-317-5628,01HD76C9DN40M3572SQETW1QVY,274
88794,shop 8,49.2803655,-0.2062549,125,20,09-595-6626,01HD76C9BG1WZTDKE1Q67K612N,496
58,shop 9,41.3643024,48.5260928,447,10,15-645-8144,01HD76C9V2FT8H000BJJB113ZP,495
18582,shop 4,-7.0961965,111.9403254,330,12,51-156-5963,01HD76C9E57DFKVGPGVFVADX63,828
15492,shop 9,59.3796798,28.1791333,192,5,13-241-6546,01HD76C9W627BVB0EGEWF7NCPR,713
83986,shop 8,28.481417,102.495014,379,20,27-295-5668,01HD76C8Z0NNDWTK6X7GQMFTVP,650
55121,shop 10,16.5065381,105.5943388,438,9,08-338-3903,01HD76C9Z6ZDHJ0J0JAYEN2J5Y,331
7,shop 7,-7.2630131,112.7211714,453,11,56-685-0090,01HD76CA3JGMD5R1VMKABPPQVQ,401
5558,shop 6,31.922974,118.663681,337,6,80-141-8743,01HD76C983BZ1CRSMEFKXS21XG,344
48,Shop 2,54.5776433,52.4513187,331,13,10-018-8545,01HD76C903N9DP72JAZ4DC6CBV,414
82,shop 10,7.8715342,5.0728823,482,11,10-084-5735,01HD76C9T7PQ4R1QA0RVE6534M,729
7,shop 10,39.903307,116.649432,176,12,14-004-5881,01HD76CA9J4B8H3WJEJG10PHXD,849
4,shop 10,27.948308,109.599191,129,16,95-574-0521,01HD76C9R5VDK2B6XPFPDVXHJS,970
04334,shop 8,34.2398892,135.2395881,158,7,32-269-3483,01HD76C9F3D51BEG890CJA53QF,927
67394,shop 7,-27.574998,-50.1626664,174,10,22-494-2508,01HD76C9WR43BABCJH02QRB56H,997
73,shop 10,13.7812944,100.5191452,388,7,62-142-5996,01HD76C9H7RB6NXX7FY8BEKVBE,193
14,Shop 2,46.083333,103.833333,177,15,45-621-2214,01HD76C9T1KK2H152MMVYVANG6,425
8,shop 6,35.819227,108.019549,386,13,10-006-4655,01HD76C9YBR1M3WCYFHNMWTFY4,296
24,shop 7,9.915551,-84.031286,425,11,44-830-4122,01HD76C9XXX0RK53AJ6WFGKS93,86
3,Shop 2,-11.14718,-73.035988,247,20,66-844-6237,01HD76CA9RTVQB6MPAP5AWNYA6,44
195,shop 10,14.2512158,121.0499837,111,7,08-713-0896,01HD76C9N4K1HNPCYJGYEDKSW3,567
633,Shop 2,14.5625862,121.0311185,420,16,75-126-2315,01HD76C9ZTH08AJ4BT8EZ3TPSG,120
280,shop 9,-13.5362103,-39.940155,480,12,54-908-4439,01HD76C8Y37BPZBNSXTPVD2T7C,282
50081,shop 9,-7.3743397,110.2648159,316,12,01-220-3980,01HD76C900ZJWPK6RBQMWVB781,178
636,shop 7,56.4808469,43.5438088,270,18,05-099-3939,01HD76C9V5BTSHW1YRVZ94XNFS,118
7115,shop 7,53.0172422,19.6212916,346,18,41-876-7985,01HD76C9BB6GWZA8VR3PXPJP6C,611
3838,shop 7,-6.6327752,106.2110311,445,11,79-569-6143,01HD76C9BMJR2WNWGGESFF4WPY,482
61,Shop 3,7.11667,124.4,217,9,23-652-1744,01HD76CABB7K7PCCZ1ZF4904YA,847
9,shop 10,30.884195,115.764855,112,9,19-287-5710,01HD76C9DFT5H3YC7MY5Z1QCM6,16
9837,shop 4,42.9285549,133.0448635,280,18,22-927-5630,01HD76C96STQD2XH8GMMQGHBRY,165
56,shop 8,45.446079,11.0057554,392,19,08-014-7618,01HD76C9P6Z9W557E13JX17TME,34
11584,shop 9,27.951331,92.009188,302,16,00-867-8155,01HD76C8ZA6C2CY34ANRJNTGAS,208
6,shop 4,46.2107921,15.0174249,187,10,51-347-5742,01HD76C9SR9Q0SMXYWVRVW0K40,483
667,shop 8,31.091814,121.197458,420,11,90-953-7117,01HD76CAHJGBTCC3915756TQEY,759
21,shop 5,49.3581406,0.0676641,414,10,53-848-0593,01HD76CA057QA4RA4T204QN89F,365
21739,shop 9,30.513598,110.361715,132,8,64-914-3469,01HD76C9YYJWHPN3YTAVEQ6DAM,372
4094,shop 9,53.8514527,18.3991666,315,12,67-360-1114,01HD76CAA54J2HA7XMXM0YHVRQ,701
5075,Shop 1,-6.9770845,112.4736874,427,6,20-384-8783,01HD76CA3JGMD5R1VMKABPPQVQ,183
93,Shop 1,13.1782149,30.2166519,369,13,13-718-9661,01HD76CAD3YPGC7AJ132YB6T4Y,629
744,shop 9,42.8718884,73.1963111,202,11,13-371-2135,01HD76CA4P4VF3JP827Z5HR77T,408
82,Shop 2,60.7373073,24.7548524,105,13,18-783-9873,01HD76CAGGPK0HYM172KCZP04T,864
350,shop 7,37.3342647,-7.4879608,484,9,74-324-2166,01HD76C9VYYN1GS7AADND0RY3F,188
665,shop 6,31.4478222,12.9838564,463,9,48-007-0485,01HD76C99BV71H52XGKGKCBYRC,735
937,shop 7,28.1905018,112.999502,242,11,39-056-1451,01HD76C9SSTCKMVR1PBQBYANNX,654
517,shop 4,14.9269532,-89.7161012,138,7,10-975-2649,01HD76C9M8WX81B300HZXH8YND,2
29054,Shop 3,32.28548,35.021481,441,11,87-548-0805,01HD76CA7KPRB3519WT6ZT2PRQ,559
99637,shop 5,-34.5006776,-58.8072561,202,19,98-961-0567,01HD76C9HNDTMNY3ZWWHGKKDHZ,652
099,shop 8,50.0884409,14.5888523,406,7,58-980-9484,01HD76CAA54J2HA7XMXM0YHVRQ,536
4214,shop 6,19.3579802,-99.0806088,427,19,20-602-0615,01HD76C9WK0B9275FXB7RPJVWK,722
5327,shop 7,44.7771057,33.5458805,161,13,01-248-3941,01HD76C95H1SGT354YG2HQAMQF,10
67,shop 6,14.5694082,121.0215733,478,8,25-534-9010,01HD76C9JHMCNHWPJAB7W9CFXY,384
0,shop 5,-23.119901,-134.9702654,421,13,30-757-7907,01HD76C9894B1CRTVR5VDWMTKH,937
9,shop 5,5.9840985,116.0761121,490,19,57-850-9206,01HD76CAH70098T45C6YWPX0YX,330
84,shop 9,30.857151,120.185838,479,13,28-293-2326,01HD76C9WYW0FQJY0V1H1C6Z0X,502
6,Shop 1,-38.0033365,-57.5430848,209,15,28-284-2497,01HD76CA8NC5ZC8W9TZ6N3QS1C,732
828,shop 7,31.9311556,120.3086809,117,8,79-047-6277,01HD76CAAB8JG3HVHAV6G2MQJY,83
01433,Shop 2,9.9567542,123.3709704,227,16,74-243-4430,01HD76C9WNAFWCJ2NBWGFJ6H9G,399
58,Shop 2,-28.5757953,-70.7571009,308,16,85-244-1464,01HD76CACCSKVFHWWEH7F1TVD5,737
56618,shop 8,48.3000957,39.7430006,216,9,77-651-6629,01HD76C9DBY5G7XFRM1XM2HG7Y,392
970,shop 10,35.54729,65.5676,103,7,86-942-1883,01HD76C9KN4TXZYQS1MSTH8X53,305
293,shop 10,44.435508,84.678548,372,20,13-365-4252,01HD76C8Z0NNDWTK6X7GQMFTVP,736
96471,Shop 3,50.3257904,19.0018119,220,6,58-987-3425,01HD76C97127FAMXHTWH1SDPHJ,208
883,shop 7,48.081286,20.7644305,335,16,86-596-4889,01HD76C964PRXZYDMXG4E8TQN0,785
26,shop 5,59.3289759,18.0651149,449,7,58-245-2559,01HD76C92TNK5MV90DVERQKQ69,840
9,shop 10,49.689224,6.0628765,140,8,68-970-9001,01HD76C90GDCXFR0V0Y279J64Z,457
90840,Shop 2,53.905048,27.5393261,249,17,14-526-9204,01HD76CAHXRTM0W91SV4VZQC7J,15
9,Shop 2,39.8019855,-8.8714085,151,18,62-674-4428,01HD76C9KZBCZW1ANR6A70YDTC,401
1053,shop 8,30.274084,120.15507,307,5,87-004-9805,01HD76CAD91QK9PRT683S9BGFN,283
2,shop 9,42.6002262,46.5477914,394,7,30-501-0097,01HD76C9KPF1ENCDH46G52JZ5K,424
2,Shop 3,-21.9221397,-50.7317774,358,18,21-992-0486,01HD76CA9FCZF7DCV5EDQH2EP1,429
3173,shop 6,-6.8264662,106.6400362,431,11,84-699-1467,01HD76C9YAQG8N3Q5WXNXV4P8V,790
12316,Shop 1,-2.389643,112.907402,280,14,59-788-0110,01HD76C93XAF6WZNZDHWH36TCY,817
38205,shop 9,-7.8184706,110.3922413,213,18,82-183-7848,01HD76CACCSKVFHWWEH7F1TVD5,769
6077,Shop 1,6.1097207,102.2462087,182,15,82-348-8527,01HD76C9KN4TXZYQS1MSTH8X53,394
1,shop 10,24.777412,108.904706,196,6,21-702-7268,01HD76C980EZ4HK53QBVXM4XQG,576
0832,shop 6,36.091367,120.494295,490,16,55-645-7270,01HD76C9J8MH0DHC7G2C0XVRSS,846
4,shop 9,28.108088,114.457886,464,9,92-772-5933,01HD76C94RYYWD1WH0HJPY1SG4,941
0710,shop 4,14.565668,121.0317737,166,13,58-854-6333,01HD76C9WT22V2HQKR3THV2T8K,135
1904,shop 8,48.7114913,23.1850055,180,13,61-870-0418,01HD76CAH26945V4C7C9FQM299,103
98,Shop 2,33.8831154,130.6524512,203,6,15-631-1325,01HD76CA6WY7YZY22MXKKATXWD,210
96494,shop 5,-20.8420055,-40.7357215,311,16,05-917-8215,01HD76C9TVEM9F3VY1F7K10582,589
811,Shop 3,45.5080397,-73.564543,266,17,64-914-3469,01HD76C97MDCW8PHKT1M8PW1W0,582
85657,shop 7,40.9314367,20.0032794,231,16,69-040-1134,01HD76C9FDE8BKHRJQ0FGMFQYM,376
31412,shop 6,49.0537242,15.1147336,259,6,35-984-3277,01HD76C9WAAYX4BZKQ380N79XX,256
3,Shop 1,40.400903,116.771211,349,15,75-126-2315,01HD76C9B9R7BMNPJ6XJ7YH97M,43
64352,shop 5,15.6627727,120.487985,427,9,75-721-7975,01HD76C94EZPC2TWZDZ74YXJX5,990
00,shop 5,59.3497176,18.0962527,437,12,35-140-2314,01HD76C9NJ2WJXV7BMEE03YW56,841
3950,shop 6,41.57365,120.4493879,318,19,09-498-1757,01HD76C98Z18T38MF9PJ2H6RJ3,692
73,shop 10,5.409158,-73.295881,468,9,51-482-1037,01HD76C9D0RYF3ABSHPEZS9W74,805
5,shop 5,34.226971,104.228437,276,17,09-406-1382,01HD76CAE3JRYZ0Y3CYJTAT21H,144
00,shop 10,35.0235689,135.971704,288,18,66-455-5228,01HD76C8Y37BPZBNSXTPVD2T7C,288
81963,shop 10,32.51494,35.18574,172,14,63-415-4627,01HD76C9M16Q1FAH4CJEZNJ2A6,741
191,shop 10,22.4963477,-79.5462943,144,13,07-546-8988,01HD76CAB8Q0B3405X8XGWWGPK,541
5,shop 8,-7.8626843,-35.5907317,147,15,57-365-5877,01HD76CAHKD9WZ7ZZ6260YGDZY,858
716,shop 7,19.9104798,99.840576,249,5,72-269-5198,01HD76CA6T414W6CZ3SCZYM41R,109
72481,Shop 3,50.0281297,18.1278226,273,6,07-053-2354,01HD76C9KPF1ENCDH46G52JZ5K,204
427,shop 7,8.1642301,99.6756794,210,18,66-344-2582,01HD76CA04H76GNVEAVM65J7B4,272
623,shop 9,5.8833366,118.0357162,147,8,08-713-0896,01HD76C900ZJWPK6RBQMWVB781,693
44,Shop 2,61.0031692,25.3947277,144,6,45-014-3053,01HD76C9J3C9MSTT00JN8W5YE6,221
46,Shop 2,44.4751299,34.1479155,436,11,37-381-3137,01HD76C9N6DCG7WBQBCS00G0HR,641
8153,shop 10,3.01228,-76.484533,204,7,47-947-0827,01HD76CAD2FNAV30H07N6790RS,948
13,shop 5,22.691253,114.346251,208,18,47-751-1327,01HD76C9KJQ1QWR5M2S7PPADXP,147
9,shop 5,14.6710601,102.026135,226,19,63-092-5729,01HD76CAGD2D3F6824RR68SF4E,45
77310,shop 6,50.3657373,20.8874542,127,19,23-883-6224,01HD76CA6CMXY7PTVTKTC173A6,151
6,Shop 2,27.646686,116.695522,215,13,71-352-5172,01HD76CABHX3S478J20P5X1FDX,194
424,shop 7,45.7653181,20.2863213,294,10,03-618-3741,01HD76C9X6QV9FGVWW46517C16,514
31,shop 4,38.3934967,140.8864742,283,15,16-532-2875,01HD76C9P9VKTBHVWTBYP1RADH,32
83,shop 9,-7.4703872,110.9387418,364,20,41-219-4095,01HD76C9YAQG8N3Q5WXNXV4P8V,456
36194,Shop 3,39.207953,117.115904,157,5,33-502-8879,01HD76CAHQ3YEWCAV0VGT314AJ,809
352,shop 6,-32.4871605,-58.2510984,333,18,48-743-4456,01HD76C95QNJFCAKS0E25BKM7B,642
925,shop 5,30.2977417,30.9783805,438,20,90-658-0041,01HD76C9EWBK4792PWJ8QF9G26,550
93,shop 7,39.029567,117.661082,178,16,22-636-9376,01HD76C96WSYCNWVRYWRBCXZ1M,701
68835,Shop 1,30.574474,103.923651,460,17,79-639-3341,01HD76C9SM24EVAZ9YCDFM3V5F,687
22,shop 8,-14.19396,-73.54213,465,15,18-573-7594,01HD76CABEV3J6VK8TB40ACKYW,166
61501,Shop 2,-8.5697306,123.3991028,427,8,30-992-7498,01HD76CAHQ3YEWCAV0VGT314AJ,562
1172,shop 8,42.76667,23.56667,158,8,39-323-9462,01HD76C9ZFS4HK7GF00VDBAFFQ,287
51074,Shop 2,31.18458,115.026045,343,9,07-851-7092,01HD76C9HX00QKWZHGG5BJVKRW,692
57738,shop 9,20.2993311,106.3581527,248,15,86-211-7949,01HD76C96MTV7AJD2NR0CR3C7K,45
12008,Shop 2,-34.6950382,-58.6575429,303,9,26-434-3195,01HD76C9J4NK2WNA2WFT3M61Y6,715
591,Shop 3,49.566715,17.1679608,257,18,00-463-2134,01HD76C9F7E60FXGJH7B4PXM9Z,337
06,shop 6,33.195258,106.045443,267,19,58-182-1631,01HD76CABJX690WDGXJ417WH6V,154
37,shop 10,-24.3965818,25.4970466,405,13,98-676-2359,01HD76C9M8WX81B300HZXH8YND,137
6694,shop 6,36.25745,112.891275,469,15,40-139-7274,01HD76CA4VNQVAC3TA04PM46BG,655
64479,shop 10,13.649619,-87.0218192,397,7,52-731-6688,01HD76C9D4W7MJ51WABB8EP0P4,758
56,shop 6,-7.5085719,-35.3126181,419,7,81-885-1005,01HD76C9RTKJWXMK7JRH7GZ8RR,387
5897,shop 7,54.11215,-9.151825,236,16,05-958-0705,01HD76CA11MX1VP9WQSRZQ1X30,33
1373,Shop 1,14.0412181,122.9421882,249,19,04-261-0566,01HD76CA6B8C4M7M7JXY9YR1FA,754
79,shop 7,59.3770112,17.9485065,494,7,32-315-4195,01HD76C9YKMGT9TM2XK1EQFERE,19
9,shop 10,36.8726504,120.5160702,222,13,94-394-2080,01HD76CAD4R3SJM00R6B7QX5S1,302
1539,shop 7,55.2402058,72.9177892,158,8,65-907-5687,01HD76CA1KFVV7J4JMX9N305DV,96
389,shop 7,22.529403,103.93935,357,17,88-388-2861,01HD76C939T11C7JTHMS1KQHY6,558
6700,shop 9,42.040521,119.2987161,115,5,38-684-6424,01HD76C9R4F4N36B2Y598KSBJ6,127
6329,Shop 2,13.5699981,-14.5611573,181,16,81-873-7823,01HD76C9ATX0WJYT5G9SHGF4D8,159
6,Shop 3,34.9406968,127.6958882,394,9,91-871-1294,01HD76CADJ1E3X4TANRMR0DS33,633
417,Shop 3,50.1157078,8.6591469,132,20,90-583-7277,01HD76C9DW13RX43CPASEYP5SH,349
89552,shop 8,13.204053,108.2080973,358,5,11-351-7849,01HD76C9MK0Z2DH4JNYR5J6QSW,348
142,shop 7,6.4360112,-73.28833,163,13,05-788-0970,01HD76C95KAMB7HE1GZPRTFDYJ,951
186,shop 7,42.3416847,69.590101,375,16,50-606-6529,01HD76C90GDCXFR0V0Y279J64Z,173
9,shop 5,-6.633333,-78.8,173,10,01-517-6682,01HD76C9ZTH08AJ4BT8EZ3TPSG,653
45045,shop 10,41.6751633,60.7598173,190,12,12-375-3409,01HD76C9YPGNMDXB0RRZC01NG0,31
6723,Shop 3,31.492565,113.079333,145,12,24-187-5199,01HD76C9894B1CRTVR5VDWMTKH,415
29,shop 5,51.513694,5.361629,320,14,92-252-2837,01HD76C9SNKF2ATNEA2ZAQ2167,33
4,shop 8,4.8949753,38.1001629,466,16,82-369-8487,01HD76C9HF01XJ0X7S6XM9YS2G,333
63873,shop 8,40.1675841,-8.4639317,147,8,05-118-6166,01HD76C9XSC4N9XCQ94P408MFT,310
8,shop 6,-24.9843096,-65.5805252,135,6,09-595-6626,01HD76CA1H4XRHFQCK8V5FGNCH,194
1123,shop 4,10.4009358,106.22868,226,8,76-459-9516,01HD76C9R2S612FQ2WPA97F2JR,955
5,Shop 3,18.4458276,-96.3598367,106,20,94-667-3543,01HD76CA8KJAVH3MKPQS5ZXABE,897
8679,shop 5,55.900378,37.387813,428,16,94-602-6969,01HD76C9PAT2ZA289VGVS29TWX,509
5491,shop 9,-7.6052823,109.5151561,147,10,31-796-4737,01HD76C9J05HA67BGQEJVWNH0F,991
709,shop 7,49.1199699,6.1650769,332,10,45-323-0777,01HD76CA6YXJV74WHG0B8GJW3M,21
824,shop 6,6.8251698,-8.341016,271,17,57-880-4343,01HD76C9SEE8ZMT9Z3DVAN9HXV,262
66288,shop 5,-8.401854,114.118103,292,5,43-482-8539,01HD76C9WNAFWCJ2NBWGFJ6H9G,751
7706,Shop 2,14.5792342,120.9965883,236,18,07-921-2315,01HD76C98TANMG2VXN77EWZ5Q3,916
1,shop 5,-5.5944574,-78.7841007,401,8,59-255-0251,01HD76C900ZJWPK6RBQMWVB781,276
59709,shop 6,4.7161955,9.7288412,157,11,04-488-0753,01HD76CAE18S4SEHXY735SFPNV,995
28,shop 9,18.1402987,-77.0449327,332,7,79-549-5323,01HD76C9701VR0XT7CZD4S5RNP,759
98,shop 4,35.3,25,265,12,98-888-9892,01HD76C977C51J254DSWWEVCRD,194
43,shop 4,60.4783655,15.3710047,337,19,31-808-8524,01HD76C9Y30C4JASF25PGN0Q2A,69
82708,shop 8,34.5750415,105.7751383,156,9,73-277-8627,01HD76C91VBGFAQ7MWVEHY2Y4H,441
83305,shop 7,54.8493584,50.7951517,194,16,49-410-1564,01HD76CA1F5ZGYG4GBWQKWY75F,110
3,Shop 3,49.189578,26.8447254,338,11,75-889-9668,01HD76C9C5GHE6B49GV2AHFZV2,688
5191,shop 8,-12.1392325,44.4311608,405,7,39-089-6148,01HD76C9NAX41Z37V30Q0T5CVM,572
52791,shop 6,40.0480392,23.4134501,314,7,98-961-0567,01HD76C8ZC5E7784A3BZG0X8AG,768
9487,shop 5,50.2568193,31.781765,173,14,93-940-8137,01HD76CAHJGBTCC3915756TQEY,344
642,shop 6,15.3097361,120.8940375,396,6,76-316-2065,01HD76CA7KPRB3519WT6ZT2PRQ,822
16,Shop 1,50.7437151,21.5208439,420,14,01-665-3793,01HD76CA83EPPX5F5RYJE51XER,666
26,Shop 3,53.2339841,-6.163027,350,8,85-244-1464,01HD76C9504PPQK63E4E630NKV,187
70,shop 10,27.785608,116.175802,122,9,57-019-1125,01HD76CA56H1TJ837K44SRZ4BN,239
764,shop 7,-20.9400441,-48.4812248,467,14,46-343-3137,01HD76C95KAMB7HE1GZPRTFDYJ,802
79494,Shop 3,47.376817,8.538367,342,16,81-657-4576,01HD76CACQ6W05KHNS90P5S16H,284
0769,shop 9,-38.6816248,-62.2841378,177,18,37-575-0819,01HD76C9VTBQJ5118QRS5F39YN,153
5,shop 6,36.628305,101.765843,474,16,55-645-7270,01HD76C9YYJWHPN3YTAVEQ6DAM,754
600,shop 10,-23.4849456,-46.3494828,385,16,85-586-4833,01HD76C9XSC4N9XCQ94P408MFT,136
1246,shop 9,27.867118,116.18757,251,13,24-830-3592,01HD76CA5RYWF9JWQA3HGMJ8KQ,262
26,shop 6,48.3694747,34.4573326,288,20,57-779-1815,01HD76C91T68NXAXNGWV5KYRVR,799
68849,shop 5,33.4293662,36.2223985,185,13,26-268-0159,01HD76C94HEVKRP51ACKKE1FMZ,972
185,shop 8,-19.8078961,-43.9875878,468,10,68-069-0424,01HD76C9T24Q03R927Z0YXHHHR,687
9598,shop 5,-8.2310152,111.5766407,453,9,86-928-7280,01HD76CA4P4VF3JP827Z5HR77T,944
73387,shop 9,32.8924632,130.6828947,474,12,55-091-5328,01HD76C9RC4XZ0ZFVEGKD6RRJ7,443
7,Shop 2,32.7668648,-7.5057737,272,5,10-133-2191,01HD76C9XTQA71SPCT9CK7YB3R,91
86436,Shop 2,-6.507942,106.4794136,293,8,82-945-6894,01HD76C9P430P0KF1M6YQGZ99D,746
2,shop 4,40.266667,72.1,105,16,27-312-4559,01HD76C9XRWVJ9NNTMMD4C3XQE,500
5740,Shop 3,35.0098555,135.4825317,303,6,76-094-1137,01HD76C9MK0Z2DH4JNYR5J6QSW,11
3902,shop 7,30.453667,114.872199,426,19,25-140-0944,01HD76C9CNK1W1JA8FVQBNTX4C,762
250,shop 10,-7.0179497,-52.3613378,292,18,54-126-7031,01HD76CAGX5G2TWVWDMKWPBKC8,266
13647,shop 10,47.0203207,-68.1435046,210,5,10-375-6434,01HD76C9BG1WZTDKE1Q67K612N,829
87,shop 6,-1.8413007,34.6690605,127,5,61-049-1871,01HD76C9JGC4TM4N23BEGRERMW,975
1417,shop 9,-17.9808139,-63.3697226,498,7,04-830-6952,01HD76CA7WYZ5982YMTK22FCDM,766
63768,shop 7,51.0177556,21.5418795,210,10,45-950-9569,01HD76C9FHMX34X5541Y83XMQH,656
9080,shop 6,50.0113078,21.846991,110,19,07-103-3633,01HD76CAA10A06DTNSZ48R87M7,897
092,shop 6,34.058401,107.319116,492,17,65-480-2488,01HD76C91FZ1R6NX88EYM3G0MM,769
0,shop 9,49.2575136,106.4385875,300,8,51-392-2602,01HD76CA3JGMD5R1VMKABPPQVQ,527
581,shop 9,51.5267946,-0.0983812,188,13,64-208-0567,01HD76C9VDS6QY5AYRKZBHWQK8,126
7,shop 8,58.2768797,47.5136153,377,18,27-250-5612,01HD76CABJX690WDGXJ417WH6V,792
802,Shop 1,4.6096768,101.1064003,319,11,23-299-4990,01HD76C9Z2MPSD2BP4Z25RENKD,572
19666,shop 7,26.1226062,50.534262,139,16,23-369-0017,01HD76C9KH698TP2KJXFSDCW8Z,516
947,shop 9,56.030318,12.7425586,258,7,74-755-0062,01HD76C8YHVMKN9B6X6RM878H2,821
728,shop 4,44.7535743,2.2159905,449,14,01-610-2453,01HD76C95CB0BYHM6VH5Y69697,914
50,shop 5,-5.3375891,-42.6880552,445,14,59-778-3686,01HD76CA9NX029FH0BZNEN54WG,499
839,shop 8,34.272117,108.084731,184,12,62-372-2259,01HD76C9BVPKR0VDP491Y09SVD,170
29253,shop 10,16.4311476,103.5083998,146,20,00-000-8031,01HD76C9YBR1M3WCYFHNMWTFY4,739
10649,Shop 2,40.657978,109.840313,167,19,72-853-2735,01HD76C9GSFCCJ7MJWTZD0GT5M,439
160,shop 5,16.2107446,102.4839212,199,11,95-755-3753,01HD76C9YAQG8N3Q5WXNXV4P8V,922
83,shop 7,49.7863419,21.9461429,277,10,57-289-1875,01HD76CA0NPFQG97AH1V373E2A,325
61,Shop 2,71.9666987,102.5000418,302,13,76-811-2923,01HD76C9W3HGR7N9A4AD3X58VB,529
1752,Shop 3,7.0570002,124.7009964,217,7,00-482-5825,01HD76C9GZK6T66CAZRRMCXTTR,61
23,Shop 2,6.783333,-1.566667,130,19,83-354-0086,01HD76C97MDCW8PHKT1M8PW1W0,3
1240,shop 4,14.4693883,121.0059518,108,5,19-920-2006,01HD76C9D0RYF3ABSHPEZS9W74,308
55,shop 5,14.8215286,-89.3904407,348,20,01-276-3667,01HD76C9DJ97BR1VZF4VR49WST,919
91391,shop 7,25.905283,99.222336,471,17,92-943-2986,01HD76C8Y01GFJRF544HVTA4FE,871
467,shop 5,8.0882791,-63.5535552,484,11,37-376-7552,01HD76C9T9SMADEV6M6DWHG6MK,774
57,shop 4,58.4705978,41.5474702,395,8,97-588-2397,01HD76C94C08H9XHQ4S9A8B4J0,373
3703,shop 8,57.7040021,11.9696406,204,15,44-925-4568,01HD76CAB2S19727T07ADQQGR1,167
6675,Shop 1,-8.6268,120.4599,228,18,65-784-6442,01HD76CA4QC8PX5QBPVAB797Z7,860
636,Shop 2,-1.2920659,36.8219462,370,7,55-031-3725,01HD76C8Y83EYBSDM8SCT510DK,770
2,Shop 2,47.3036891,2.6981496,165,19,79-047-6277,01HD76CA54G14C9GFV3E9HZWPH,747
720,shop 9,54.8775481,23.8906541,334,16,53-419-6697,01HD76C9Z6ZDHJ0J0JAYEN2J5Y,420
05105,shop 7,48.4514438,-2.0559531,326,19,10-638-3265,01HD76C9Y65HQTHPKYZCJYPQ39,731
5,shop 4,8.6761,16.566,258,14,68-326-5804,01HD76C9TRVGHMPJPK7N0HE2JX,958
4,shop 6,-13.5033753,-76.068199,488,19,74-157-2463,01HD76CA5N121XG87JRXNATDXM,433
9504,Shop 1,23.0861808,113.4943199,259,6,18-171-0704,01HD76C9HWHW9FJTCKEXHGY014,160
28777,shop 5,50.0628163,19.722311,184,5,13-403-4309,01HD76C9KN4TXZYQS1MSTH8X53,224
0,shop 6,47.2120001,29.1617,313,11,03-139-7231,01HD76CA8CV851NDZZ7NDERYYW,849
398,shop 5,48.8270848,2.5111543,478,20,03-704-6401,01HD76C9SB8BFXX2Z0N3HCV3SC,305
23638,shop 7,34.68474,69.02863,375,12,52-565-2310,01HD76CA9NX029FH0BZNEN54WG,933
83497,shop 9,-8.2151612,112.6109257,167,5,05-112-0655,01HD76C9QYHVZHTTJ4SFWY4V65,986
41,shop 10,30.8273337,74.1000849,416,9,78-996-1046,01HD76C9YHF01TNF66QX0S5ZYW,629
10520,shop 5,-8.5568557,125.5603143,431,13,73-150-6882,01HD76C9ERZ3VXZ1G8N6553ZFA,780
7258,shop 8,-7.6631652,109.6550032,339,17,68-999-3144,01HD76C97BBSW9ZV91XW6ZSVCK,529
811,shop 5,48.9095,25.33926,128,17,49-462-0034,01HD76C8ZC5E7784A3BZG0X8AG,499
31717,shop 6,-7.2953035,107.0716609,492,11,16-255-9807,01HD76C9DA2W0FFAQNPXPNQFP5,528
380,shop 10,-9.6551739,124.2699432,377,9,29-425-1741,01HD76C9X77M1FVJHWTHQHFMAK,571
592,shop 9,-8.2288463,112.8015745,287,14,60-693-0098,01HD76C9CABC1NGM94VG0KC7V2,29
38,shop 9,57.5260245,13.3426293,178,17,84-699-1467,01HD76C958RHCGRK4Y6BAHFWDZ,582
0,shop 10,-6.5640911,110.8642328,262,19,48-794-6652,01HD76C9SAXKNJW2VSVG5SKVEZ,609
9904,Shop 3,46.814102,130.375062,297,16,70-451-8375,01HD76CA989T54D2X59019WV9N,320
48,shop 6,54.4,23.65,248,8,11-327-5989,01HD76C9GH3ZZMVZJRXPARC4T9,634
9,Shop 3,31.412405,95.595761,158,17,04-574-3556,01HD76C9GEFYHASX6VFMH9NMTX,16
20,shop 6,30.646759,111.276255,399,17,02-529-0513,01HD76C9S61E3N0Q06B97RM3GG,860
7,shop 4,53.8628256,44.8558231,462,7,51-166-9128,01HD76CA6VZRDR22KE5HMBEHCD,757
65,shop 10,49.1,91.8666667,287,5,60-284-6060,01HD76CA5YJKV8YSTMC5D45FS0,770
87,shop 8,23.3854292,113.4895468,433,5,29-434-8514,01HD76CA97MNFCJ3N3M3YXYA97,171
94,shop 4,15.1274943,104.5757366,498,9,90-953-7117,01HD76C9FQPMX00K8ARNV9CQRF,4
27467,shop 8,54.7894086,65.9674841,339,17,21-064-3632,01HD76CA79NPF5QZNERKSPJNQ6,420
604,shop 5,6.7205676,11.2580472,422,19,77-293-3789,01HD76C964PRXZYDMXG4E8TQN0,859
0,shop 10,-34.5430068,-58.4754447,159,15,29-522-0616,01HD76CA3GPPHYQ9BH90KHP0BP,689
395,shop 6,40.7038775,-74.16442,424,16,05-695-5477,01HD76CAEJHNZZRF73SH1BCJC4,468
450,Shop 1,37.9375856,22.8008984,189,5,84-848-1658,01HD76CAGA9W59BZCE9K2P4VD7,593
302,Shop 2,10.8312641,-72.8207035,270,17,54-964-8136,01HD76CAH26945V4C7C9FQM299,393
238,shop 9,50.1046609,17.1303468,475,15,67-509-8403,01HD76CAASNYW76S31D35STAMV,1
759,Shop 2,8.4362867,-69.9959762,395,9,09-437-0478,01HD76C9PS4EXY5KCDJQN1SNFP,404
034,shop 7,9.2979179,-82.4211025,303,15,87-921-0392,01HD76C9VAK3X4DMYK99XRZYPH,877
93,shop 4,-8.2024827,115.3874591,387,9,85-294-0203,01HD76C93K0C2WJP185EPNBGE6,495
6,Shop 2,25.6765837,-100.2602364,356,13,34-943-1776,01HD76C9RY0VXFZGBZVA3P7XMP,898
9,shop 4,8.7550575,-11.044307,428,11,83-414-3236,01HD76C9YR3G5051KWDTMT1R2Z,181
6,shop 10,13.5570718,-88.3494328,413,17,92-516-2535,01HD76CAE18S4SEHXY735SFPNV,889
09,shop 4,53.8072015,87.372095,468,18,79-000-0124,01HD76C9WP1Q4QHRB1XFYA2P5W,180
807,Shop 1,46.9962539,28.8716267,363,16,90-190-6637,01HD76C91Q3B56XEZEAPC795NA,168
81035,shop 9,51.7930978,23.528792,157,5,07-544-0879,01HD76CA4W6ND67SCX1DSQ7ABX,417
14585,shop 7,38.9083752,-9.050741,296,11,52-677-6131,01HD76CAD74X2STVSCK0H1NABY,958
784,shop 6,49.9146804,18.0123649,186,10,62-366-6159,01HD76C9J05HA67BGQEJVWNH0F,110
16,Shop 3,-0.2488358,35.7323709,335,15,03-060-3737,01HD76C9AB46XB7TMFCR9YV56R,710
25,Shop 3,36.43806,38.11984,121,5,36-873-7954,01HD76CAE3JRYZ0Y3CYJTAT21H,400
054,shop 5,60.1128845,22.9535316,141,18,94-530-6208,01HD76C9HF01XJ0X7S6XM9YS2G,775
58,shop 4,18.9384732,-70.407981,286,6,88-784-3567,01HD76C91DRD1828337YRYTPZ7,818
0673,shop 5,-6.2038486,106.8190806,197,7,54-940-8932,01HD76CA11MX1VP9WQSRZQ1X30,788
87046,shop 6,42.9786866,141.8352113,300,6,68-556-9364,01HD76C9SEE8ZMT9Z3DVAN9HXV,361
8092,shop 5,28.0185886,89.9253233,340,5,11-612-2405,01HD76C9CABC1NGM94VG0KC7V2,610
094,shop 4,55.7165288,37.784921,348,14,48-386-2066,01HD76CAAYQ04K2F6418T37PXX,638
0,shop 6,-20.7430332,-46.6096926,267,16,35-500-4677,01HD76CACZP2T20CDDZG9YTRDQ,205
31,shop 10,31.6532755,69.4038491,450,20,38-118-1691,01HD76CA6GVQY2DNZBGF9H1DV0,551
92720,shop 7,41.2418116,-95.9673967,347,15,70-742-1858,01HD76C97YRGT9RBG351M4ZD2Z,968
23469,shop 10,34.352865,62.2040287,289,12,21-683-2867,01HD76C9H54CFWAFM0TC6N1ZEK,226
039,shop 5,39.708782,116.796531,316,10,49-039-3205,01HD76CA7SBXW2RNHMKA34YPSM,694
6818,shop 4,34.681962,-1.900155,290,11,11-679-2460,01HD76C92F2S4FF9432M3MBJDQ,319
50,shop 8,50.8563,46.0287999,203,13,83-238-5586,01HD76C9R8DVF7S7SJ327QGSKJ,541
7,Shop 1,50.7392866,20.1476897,335,7,11-115-0123,01HD76C9WR43BABCJH02QRB56H,239
75,Shop 3,46.8318267,29.4620887,468,6,68-841-5972,01HD76CA01M9TRGCTH4VAA5ZDD,231
507,shop 10,18.1559131,-77.7652346,405,16,79-693-9589,01HD76C9NAX41Z37V30Q0T5CVM,27
065,shop 6,60.6985859,17.112779,264,20,11-062-8008,01HD76C9QZXXHSKT4A46EJRT77,762
68,shop 8,35.8939566,117.9249002,204,5,58-616-0629,01HD76C95ZQHJ4ZAQZ358N0ZGA,244
05,Shop 3,53.8031587,64.1828536,243,12,64-380-9629,01HD76C97NPM4N57ZK52BHEFQC,15
60,shop 6,27.8469,105.049027,336,5,92-590-9461,01HD76CACCSKVFHWWEH7F1TVD5,630
93,shop 4,18.5614891,-74.4195864,186,5,46-267-1421,01HD76C985AX4JDDJK05NSRE12,409
12,Shop 3,8.2435239,124.3401302,431,19,96-584-6938,01HD76C9Y8ZEXCGJR3DJTAQ0N5,902
